,PPO,CPPO,PPO-DeepSeek 10%,PPO-DeepSeek 1%,PPO-DeepSeek 0.1%,CPPO-DeepSeek 10%,CPPO-DeepSeek 1%,CPPO-DeepSeek 0.1%,CPPO-DeepSeek Phase1 EP90,CPPO-DeepSeek Phase1 EP100,CPPO-DeepSeek Phase1 EP110,Nasdaq-100
2019-01-02,1000000.0,1000000.0,1000000.0,1000000.0,1000000.0,1000000.0,1000000.0,1000000.0,1000000.0,1000000.0,1000000.0,1000000.0
2019-01-03,1025377.0974810941,1029277.5247236185,1029673.6853937991,1028250.6988941012,1031618.1603112547,1040680.6612691461,1035533.8584881466,1022799.1894960026,1032531.002754103,1037253.7116465364,1036303.1463053427,966397.6420776995
2019-01-04,1035760.1124307307,1048270.3025927406,1050518.0470488127,1048742.6054689682,1054060.9396813854,1046596.4021947525,1052461.9572385214,1039107.3381393476,1047735.3094316331,1053778.6131393488,1053364.2326777324,1009715.6212198883
2019-01-07,1035419.5984199257,1053079.2400975917,1057695.0349084996,1056103.0125797433,1061434.4872367242,1039705.2034027585,1061078.890562536,1044493.8846575822,1051326.5856345466,1056654.651743158,1057026.539130385,1020025.5437488515
2019-01-08,1042446.5633535114,1064786.0802123116,1067949.5948799115,1063234.4744114985,1070202.4920431408,1040271.6851234712,1081416.096320796,1056328.325272778,1051738.7765200892,1056327.295165042,1058556.1230291587,1030024.1911798684
2019-01-09,1050437.0049287565,1069632.7016248247,1078416.3745363853,1071645.607527937,1079397.5334349582,1055289.2035697035,1092350.8688984197,1065377.3259564554,1061999.4315569326,1066655.335193655,1068372.0860369825,1037702.3614380587
2019-01-10,1055408.5145742625,1082727.679571294,1089080.9984029823,1090097.403974809,1092850.825220965,1052545.9046698322,1091683.219043328,1070908.6740863812,1067321.056818795,1071631.7966143962,1074401.0104022084,1040885.8881611219
2019-01-11,1041744.174314702,1070805.2068569986,1079327.8819249868,1076708.080921015,1076035.3190702975,1047969.5079487436,1075617.1550817443,1059888.6658082935,1059754.612009652,1064734.186607837,1062617.9498961617,1037813.9752462989
2019-01-14,1061095.9761326413,1097096.9288735564,1108102.9061184456,1113387.955454633,1107473.784682112,1061151.5845445772,1092947.206605112,1087206.9675701107,1082281.1925872068,1087720.3068338647,1087670.7946665632,1028324.728937346
2019-01-15,1056411.6757637036,1087128.3347364564,1101098.7318469412,1103532.7812821935,1104097.4018223335,1059501.2100515445,1097904.3818069033,1084776.6358236696,1079286.8186472831,1084980.4031165068,1085738.8666770747,1048542.1041214052
2019-01-16,1062656.9516051984,1095647.045581437,1113643.9810178874,1113235.134269332,1113611.4921587468,1080830.3590831214,1115927.1819844544,1097764.5647540526,1090834.9081931012,1096711.524343186,1096097.7017125979,1048372.3037473838
2019-01-17,1084874.4106636294,1097863.4823202246,1112710.6111545647,1098287.4883954262,1112042.0065829328,1095547.4702395243,1129966.3559847847,1098097.6583469587,1091952.6339866095,1095322.888605626,1098750.0452423359,1056215.5918195522
2019-01-18,1054337.745733382,1070459.9120479843,1094740.5702210881,1071461.5334528256,1084216.1951302707,1064889.227557824,1113780.3444434444,1070380.9072029074,1067896.76774279,1070407.9904146912,1076834.5441792188,1066616.632361157
2019-01-22,1052124.1328540887,1065737.7483816724,1088789.1589417672,1065131.9092552648,1081931.7464681931,1067610.9024584729,1106312.0088489607,1068210.441543142,1064373.1502782463,1066655.8879024668,1073886.1151580485,1044952.9602300196
2019-01-23,1068324.0485571574,1075807.7176995177,1092021.0237005763,1077500.3005841812,1092506.7106196224,1081529.865900674,1109235.2796052434,1070539.9479826738,1067143.8616803107,1068964.7252334633,1075360.1871957956,1046831.5879666497
2019-01-24,1079124.5214454727,1093824.491677359,1113460.0322687672,1102901.7854670337,1107572.118526236,1090530.6764692874,1124130.7669116384,1070675.8782176326,1083254.5374182384,1086933.0141567925,1093204.5520655175,1053715.8723893384
2019-01-25,1078695.6065485,1089791.9250780437,1100289.718982264,1090731.0660630062,1098267.2908416197,1076577.5296214225,1110655.3920056405,1055301.2416186214,1073870.6259253258,1076857.167480014,1081466.3457839934,1067050.5751795762
2019-01-28,1067166.9626003462,1086830.9098663728,1097476.6895004325,1081725.2946987825,1088789.6237322816,1073027.9883380882,1105410.7127314752,1049781.711775102,1067503.0918095706,1069047.3278290834,1070682.5626072597,1052857.5053991454
2019-01-29,1091569.6071620097,1102210.2612535844,1109321.8729888676,1090727.6826172078,1106013.2026062156,1075428.0369761311,1121913.742665007,1039411.4730066872,1088859.442519999,1090799.9373112833,1094586.32264277,1042748.8561887555
2019-01-30,1110627.4704811787,1118507.3573134306,1119129.0488628126,1115425.3785154675,1133187.2506210206,1095914.7285784874,1143173.1480983172,1057592.267628429,1104291.4470798653,1103656.3552727103,1108862.6309315336,1070279.6992906
2019-01-31,1115475.4316530612,1120408.8152386993,1121072.3634216574,1122746.7931984386,1145223.4309102034,1100163.6569000203,1147439.6121701216,1066083.2996228558,1111013.7240067178,1109999.9634911786,1115618.9287147021,1085832.553802231
2019-02-01,1123455.0133241147,1133654.1129076928,1135853.5654554777,1137197.6011245504,1150251.3231580905,1101669.8716080135,1149025.9880262292,1068253.5617532758,1126740.690891822,1127020.0630063845,1134307.097471247,1080908.7267720075
2019-02-04,1123359.2581578884,1135034.29444166,1144003.8804109532,1148815.5717388666,1159008.6966504338,1099611.165352709,1150445.211330537,1071427.03725274,1131335.9710016286,1131789.8767645285,1141549.8621434115,1094183.6309675965
2019-02-05,1119682.5037332026,1126111.8958287935,1133819.4755613422,1149970.047208752,1162081.463428235,1096830.5285166663,1144258.711625707,1077415.888657699,1123816.8285994176,1123817.5618838277,1135678.42682558,1104175.9838097033
2019-02-06,1109683.2218819314,1099879.4478409854,1100156.1043635085,1123204.1924802004,1153403.1437156019,1077391.1965877577,1131815.0193931977,1057139.7453504417,1122206.023318363,1119712.6722879373,1128802.610900281,1100104.2291807623
2019-02-07,1109167.2862971257,1101879.8729220342,1117150.4795495854,1132454.618826464,1161155.9000283384,1087357.7571779974,1140048.5572409339,1076109.1098380627,1124272.773878571,1123232.020235803,1134445.277954292,1085540.1624710162
2019-02-08,1114528.7609269153,1105048.7081718647,1115778.5986350505,1128021.9687353452,1161964.658971221,1091328.214846482,1141989.1898390779,1079120.1795615877,1128560.078026859,1127671.5920587431,1138821.748367904,1086821.4183673954
2019-02-11,1136178.042406487,1131428.9566597024,1140898.8657953944,1156937.269368633,1178161.6580065868,1112528.984807683,1160793.7224282178,1106955.8202794269,1152088.7253386716,1151607.0939416506,1160929.2477213799,1086200.4802003705
2019-02-12,1132383.2023011846,1125926.626322376,1140618.234809973,1147955.5438322793,1183871.6492600103,1115571.673727595,1162047.405191407,1110697.513739919,1146621.7982719708,1144088.79362983,1153881.1134166643,1102784.6493706717
2019-02-13,1133536.6721731643,1134883.371990822,1153639.8977851407,1159910.2128809697,1178705.2294700753,1118456.4517557875,1162662.073462549,1108109.8959700738,1156146.0276413774,1153389.5742471311,1163115.4291586024,1102974.868777012
2019-02-14,1143887.492893078,1149608.7028249677,1166437.0085530344,1164727.8619386335,1194885.798499503,1136374.5927977068,1176210.1590268174,1131915.41480434,1164029.5594999676,1160934.6169969072,1168924.8519558362,1104003.0361412265
2019-02-15,1150300.1114451205,1154885.3155440944,1165904.358240471,1172134.361630939,1197588.6392428386,1136496.7102397548,1173758.2308818023,1137962.9755482986,1162682.7539432575,1160796.0017463549,1170698.594600174,1109153.3148456651
2019-02-19,1148790.1335306945,1156967.9380326364,1162526.5612783085,1170751.0682282848,1204489.095550086,1140942.0492908873,1173696.0823218909,1138364.268491431,1161973.0291479127,1158436.6023588856,1166771.6009157803,1110950.1896897398
2019-02-20,1143012.0193580051,1137200.8506880994,1138170.590667569,1161951.2192732352,1200251.6561620187,1122905.4821712011,1160485.54709258,1121423.2552255366,1152823.3115861428,1150239.9668499227,1158693.3723931538,1110278.8948114316
2019-02-21,1162746.2582222752,1152475.1990356154,1150353.4075758911,1176943.9149402543,1213428.4692545922,1137465.2787564157,1174299.8462131293,1135624.9806865014,1163918.9313799392,1161801.6219301508,1175731.0258950565,1106005.943627197
2019-02-22,1168469.1722407679,1156568.8378212764,1154061.0411060967,1180958.1773678986,1214329.129179213,1146685.0098117949,1178139.8288395798,1148524.8394801999,1159204.6735940126,1158731.7618678098,1174544.3546960985,1114726.4056930104
2019-02-25,1160384.3784556345,1152160.1455871216,1156581.9670812993,1177938.2275038592,1211981.9144691157,1144572.2486430737,1178908.483701933,1137251.7471279686,1160784.6549294724,1160931.4392970311,1175843.872139523,1118625.2894167542
2019-02-26,1239131.9793440185,1195930.521489121,1172228.031470021,1178361.2172966916,1217650.6289253784,1162483.57691559,1190240.068746988,1158983.661339649,1161454.8997314388,1161791.5037049286,1179625.0051567885,1119849.9707762196
2019-02-27,1251871.3293415434,1200600.405873427,1165854.3251104201,1174391.0698659588,1219276.3770124312,1161668.1864983852,1191533.4112000957,1169203.2774224065,1156786.1128128616,1157390.6329916043,1175147.12521008,1118872.0833600084
2019-02-28,1246115.3328741686,1203128.8486085664,1184168.4479963654,1183957.1005349108,1229734.9190647656,1183560.1421790652,1202885.9119204094,1196271.4304924598,1162078.0987275469,1159778.275717678,1172108.9681038857,1115811.147594139
2019-03-01,1241451.8737079708,1196285.6110453575,1166897.7643346624,1166343.785217326,1215939.426152046,1159093.0469425023,1188420.340293442,1155362.22243105,1149613.3334054297,1143718.4496009166,1152827.7719351668,1124306.8467778843
2019-03-04,1241891.148719504,1198083.4778494423,1160324.3854493008,1164514.625182317,1212226.8758705743,1145836.9431087547,1176886.3787639912,1140700.5772552616,1152252.0087045294,1147391.0353620132,1155760.2179780693,1124190.5504096013
2019-03-05,1229572.2414705893,1183991.1538079365,1145297.5491061925,1161052.8214989149,1203876.3079612204,1125214.1722532255,1157467.6564906933,1121546.5969685684,1147307.3519439662,1143924.8001732063,1154613.728438888,1125127.5229978948
2019-03-06,1214401.6675996329,1169984.2132331016,1147416.2060536905,1145041.8465026848,1189797.893562946,1104393.4688044582,1149586.5687024575,1100471.8501625613,1135769.9323676494,1131105.891265381,1144129.7103387616,1118159.9504170625
2019-03-07,1213081.398424925,1156660.6008271445,1136444.214982097,1143001.2884880814,1184226.6815938666,1100334.6183432664,1143828.433165562,1107435.1988457546,1127558.269807344,1123060.4647814746,1138117.8211251667,1104704.191935219
2019-03-08,1256993.1567193689,1188810.2099499556,1150018.901339239,1164748.2861744144,1200095.94409151,1125427.641328099,1163602.7221653215,1129200.9099608203,1147167.9660814428,1144074.2805676456,1159727.0254134715,1102945.0078613274
2019-03-11,1266231.672333665,1191151.7452245008,1153869.608055327,1167630.316197667,1208549.71191829,1142171.5501953755,1173455.8311946332,1145982.7040211994,1151659.4442964215,1148273.6605420588,1162820.2224056649,1126264.1568758942
2019-03-12,1292179.3008351477,1218290.285461823,1170409.357400961,1178164.3463407026,1213096.6408789798,1150045.7981646103,1180740.9609208493,1154113.4211924863,1158598.7116543255,1152622.7056510767,1169179.8907738603,1132121.8091999562
2019-03-13,1280453.9171315066,1209516.268175541,1166233.1914601494,1178386.7263006193,1215950.956696453,1150791.9671108366,1180826.8282567349,1156050.1511089783,1159758.7339939154,1152857.6835217634,1170498.682418389,1140878.503533644
2019-03-14,1279344.9731708206,1220556.5122180374,1178278.574514508,1188683.2999985095,1228694.230292765,1155040.664998332,1188083.9537312342,1161299.087004818,1162488.8395013274,1153854.2642604287,1169447.502791661,1138682.2293468781
2019-03-15,1276307.0937965438,1216213.1998952562,1176691.7115135714,1190705.4166961743,1227302.4550649424,1152469.928577393,1185648.5507861085,1149086.3365824395,1167256.3086970083,1156961.8810029388,1174316.2470310614,1148740.6753725437
2019-03-18,1278877.9605988136,1210702.0794471803,1170565.8111931416,1190610.6138772597,1233892.2212306322,1157841.1832805488,1173392.5143228972,1164693.4293259142,1163042.9782166905,1154401.9194782563,1173036.9952071027,1151773.2087250373
2019-03-19,1295265.0741521015,1223902.0738013987,1164245.0300469866,1213244.1104193807,1232176.9154816165,1168076.143409013,1167895.4500089316,1177161.1089074377,1173059.4823734353,1165308.8674370556,1185288.1913317055,1155389.066237652
2019-03-20,1308880.4645939844,1129114.081494831,1062238.7974728302,1232614.9900376461,1246445.1289782913,1185983.519266616,1179281.895583516,1194876.82747449,1189637.1427564656,1180336.9737222383,1203699.586859136,1160336.5363579295
2019-03-21,1280919.4983184738,1095661.2458273612,1029679.174605156,1191687.1401255755,1223656.8072640074,1150387.2119815268,1158206.8679539044,1158113.1126800356,1159280.312282058,1147872.3457046042,1169752.0721080855,1178025.9432249574
2019-03-22,1273613.6383703917,1100137.9247160333,1032289.8544579402,1189997.205467468,1217053.3437235253,1142212.760139996,1165805.7522909371,1142309.8684565646,1168617.023538472,1157278.05438779,1178158.0093328063,1151738.6652493095
2019-03-25,1283043.5234872422,1114979.3616654943,1052478.954300437,1185633.9004733157,1229628.8157114314,1156245.8331417122,1180164.220767949,1156120.0628355204,1171238.6761402155,1160171.9226415341,1180511.5322666555,1150308.0280112277
2019-03-26,1267305.2948844507,1099780.2536457037,1042213.96918947,1169435.3103359186,1223148.052200528,1143621.9648949397,1168245.662507709,1137978.252374559,1161847.9043848421,1149522.3070120532,1170437.8921887362,1155683.0695977344
2019-03-27,1280023.1523982736,1108832.6642815014,1051384.3074719792,1171414.174283147,1230378.137056129,1149432.0269945578,1164399.4489665574,1147563.5270536712,1162638.0589326592,1151615.1283728,1173388.8370221998,1148929.2827500168
2019-03-28,1298707.8797624998,1123199.7444784935,1060561.383425248,1181267.4637490364,1241445.6618204778,1164250.6201470206,1171165.6036953048,1167029.7513806124,1168048.450748148,1159256.056362532,1181870.5236179095,1150859.8792267973
2019-03-29,1315996.9812111412,1137854.886379448,1065554.6054571117,1205533.7970226181,1259219.6794105584,1182088.8070255446,1188873.595400104,1189703.674474753,1184821.8955896911,1177480.5125936551,1200866.4940785067,1160025.2612599833
2019-04-01,1310913.9228565304,1132634.231262558,1057706.7496407563,1206797.6862685548,1259129.1184009858,1182408.3330801607,1192118.8865780793,1187697.0568621722,1187433.165202487,1180350.248505096,1202695.8274524377,1175691.3416087218
2019-04-02,1313161.1089020323,1133483.475044195,1057040.1355611084,1217714.7383758563,1264450.0453283058,1185028.6342120818,1197595.1127841412,1199355.5079685524,1192178.4256896204,1184263.9391326495,1207629.650028631,1179027.3969679426
2019-04-03,1297721.2401949577,1133052.4553454458,1054704.1700025094,1210998.1571992473,1255776.3770113317,1177705.8218987877,1185967.526313023,1186423.214954883,1185985.3001823996,1176386.029405543,1194145.201978526,1186153.7927738426
2019-04-04,1306745.0383907387,1143446.4337965285,1072976.6784490338,1220359.1971938526,1269881.71712092,1200415.0929783361,1199032.507211566,1214039.7452306743,1193247.2774661945,1181584.2016414343,1199275.7515919532,1185462.0020999361
2019-04-05,1311365.8630201041,1141894.3474642867,1064140.3772290961,1217377.605314778,1270290.995790517,1203680.3045312902,1199490.2104425922,1213871.6686354852,1192394.765711583,1179155.4013365924,1197439.1823880714,1191478.4776490664
2019-04-08,1307503.7485589986,1138953.9993249294,1056126.1024860423,1212773.5598976347,1259537.0770684767,1185716.1220827152,1196887.3341763048,1190631.3895960364,1190883.9024392336,1178802.975515022,1198840.8593887433,1194764.2530602834
2019-04-09,1324170.881832721,1150522.980897242,1067066.1854124463,1221212.7059463249,1270844.1091684545,1206965.6801923648,1206863.3121851874,1217928.3309798911,1201439.729063662,1190611.699361425,1209928.9266167984,1189851.4031790132
2019-04-10,1318053.172385914,1140552.9750669182,1058707.1081453194,1228136.540593093,1277215.108820287,1202956.9675558868,1199060.213432039,1228031.970546693,1198387.8354665285,1188079.7092118952,1210103.7722053865,1196611.4846156407
2019-04-11,1325537.392160368,1133713.7898494431,1068777.6734473277,1216202.9042513338,1290891.8651019833,1229252.634104932,1196409.9538835352,1258922.5914564072,1189838.6190646172,1175950.1506889302,1200802.306425421,1194001.7634060543
2019-04-12,1330685.0416888804,1135309.927644597,1057748.7620819134,1210262.8888613833,1288699.3449835875,1222652.0145839236,1192668.9509503325,1247856.0511448605,1187060.8386544883,1171850.2140268155,1197611.1806310094,1199230.5709453137
2019-04-15,1318492.1835117836,1131410.240868424,1043876.854498025,1223662.154518567,1285110.9818704037,1212810.1077318746,1188960.8954963293,1230614.1371122487,1192875.7999557196,1178865.7803890314,1206713.4594924927,1199383.0995814712
2019-04-16,1310965.6737643294,1122099.913424238,1037868.0652819072,1213303.5897339198,1280384.3353157607,1191068.9421628688,1158675.7820905636,1196168.0536564114,1178535.5208291567,1162210.1506702094,1192797.4769618972,1203409.2568224517
2019-04-17,1305533.2948358182,1121775.9945816442,1039728.6957378635,1218430.9686677093,1276781.8675416976,1189936.5364178768,1162580.7551028659,1197787.767937726,1177882.449450004,1161587.0325033504,1192841.6304636777,1207495.2126580805
2019-04-18,1306197.9664210253,1133093.8957669404,1046134.9611491815,1238217.737613311,1276869.7962548898,1195166.1093110025,1166300.0432429637,1197046.1114883965,1187863.490211315,1173643.6028275557,1206226.9044298667,1208910.1134238865
2019-04-22,1326423.3752982223,1145847.9732719276,1056256.1627989158,1249217.8804260504,1293177.4801506293,1207964.6796869964,1189389.332365008,1208837.9695682465,1203764.968222825,1191450.9979888962,1224524.738816545,1212647.0266281068
2019-04-23,1310307.629234557,1126426.7333903569,1038910.2259893139,1238902.506622018,1285135.8120613326,1191825.5509337743,1168581.6754981906,1186000.450218482,1193960.2520133678,1179412.1924921486,1214518.080102634,1227931.0561352975
2019-04-24,1316376.4930575676,1126708.8069191845,1046598.8144266665,1236879.5819640658,1290499.8434404486,1198474.8142850015,1170295.5537109624,1200535.5307087342,1184059.777918082,1171909.7317373375,1206832.2264533332,1223796.4323805321
2019-04-25,1319855.3422643591,1134367.8152852687,1049273.9561907724,1246955.509763142,1291524.3638573622,1184992.4719351975,1173661.3893731276,1184910.6712984378,1191312.0552581013,1180785.216797688,1215312.597098772,1228907.331522641
2019-04-26,1322612.4822256553,1132710.9350573674,1048971.6864729768,1240612.9508927674,1287178.2088297354,1181191.8472793163,1176067.4725765327,1178746.3456309086,1187880.027667894,1179505.3253567563,1212562.2546298192,1230441.7527144647
2019-04-29,1315506.6088462512,1129865.13612802,1050129.5317586495,1238475.225872071,1294530.4075296514,1177895.5219352676,1170600.3376940787,1180762.5248071083,1191784.5242291975,1182890.222390889,1217728.7038933106,1232384.8616057865
2019-04-30,1313985.0467074797,1131904.6163297335,1045712.5772586417,1251835.6225248363,1270503.517835128,1169073.605881356,1173643.2018211642,1173428.7294584147,1187861.6451529453,1179581.791799328,1210514.5214273154,1223332.6286464285
2019-05-01,1310958.2267747733,1134587.3315057347,1048228.9213229372,1252538.8115369107,1273987.7201809366,1170691.7868052293,1162300.2606403208,1181520.599096235,1190932.1983317884,1179532.1864532218,1211611.545323194,1218677.6266206456
2019-05-02,1412481.566299523,1199281.2663023449,1046752.5485101294,1278199.9358623084,1295694.7077520727,1202872.7200074298,1181676.338083581,1223765.1743889488,1200373.2868613345,1191176.7626140648,1224856.2242215478,1214308.7213371673
2019-05-03,1397804.3220445488,1192533.3959051257,1057495.442494577,1264439.016194281,1289693.6095631046,1199324.9596354407,1176773.4534508921,1219846.6776183054,1196317.378850384,1185716.998136111,1219113.417184149,1233436.5952967752
2019-05-06,1358113.3821688322,1155760.850866335,1033539.7586248704,1243756.6882848612,1271631.9650576646,1177392.9865491479,1153966.1092859907,1200259.5744445396,1171937.4456850106,1157969.0734843507,1192954.303406711,1225318.1876312555
2019-05-07,1351731.7943785812,1151488.3383606533,1044125.661524546,1232258.7575201758,1270101.6353794292,1187152.2799313255,1150565.4242784414,1196874.615660747,1168794.4849893271,1153674.7301177336,1188565.7350019182,1201117.1052997215
2019-05-08,1356332.7216648965,1151444.3799453229,1038138.6087528042,1225895.2947273531,1273681.6560635332,1185483.7303264302,1152239.097499628,1188932.1303954623,1165741.0019723887,1149909.838733552,1186818.038056852,1197564.116912931
2019-05-09,1373696.1017758795,1158132.908948915,1036847.7395772029,1226073.4481320211,1272335.66663523,1180675.1334688507,1154082.2587322001,1182972.7748032422,1167085.821528699,1149688.7865304654,1190104.763472679,1192093.19799046
2019-05-10,1332183.4907837764,1127125.883301011,1016976.1412840931,1178533.1141350123,1229591.7954931324,1133536.653285052,1121871.5222916363,1129014.959411841,1131220.7239000222,1110011.2712603856,1147980.8145481334,1192687.4225362556
2019-05-13,1362557.8533500517,1148099.6528548468,1041689.2245477252,1189958.1308650468,1246639.675587877,1149463.0895295455,1138564.9990231213,1143318.1091609655,1141914.7031968932,1120358.9907638326,1162732.8690601564,1151435.2200058617
2019-05-14,1381502.8969137254,1165201.6411392416,1053753.1887439406,1210071.0480107632,1257918.9427072464,1155189.213157271,1144749.146733916,1151412.6266577363,1153484.7950913375,1133974.4308653588,1178737.9245084475,1163658.390510462
2019-05-15,1412593.2729757514,1182744.1935604056,1064119.403840526,1222776.5428913187,1270426.512953157,1166762.077173326,1161421.1907237282,1161226.5714536342,1158640.6399616816,1143898.1753784334,1192282.8703033687,1179594.9078925087
2019-05-16,1390733.1123628728,1162227.6725046544,1055046.6584904566,1214125.1629195795,1264529.6100844012,1161929.0657394233,1152530.087666625,1151913.1854196931,1153538.6763852946,1135577.0552633891,1183401.6139239047,1191682.8982620947
2019-05-17,1374164.4565328248,1158303.5446576753,1043658.9292448597,1187561.782138096,1246267.1729979732,1139603.0113158599,1138163.450911954,1126318.0581186486,1137843.6028024203,1118854.1554297835,1164531.031531373,1179662.5363416555
2019-05-20,1384579.5631879778,1168435.5412744468,1061709.5481127424,1206635.0240255632,1261166.7871595728,1163505.3173173917,1155524.8755299302,1148157.929906424,1158196.0865296773,1138229.6889790338,1184098.4926537299,1159699.8617186286
2019-05-21,1387083.8234072558,1170205.9425968926,1057587.6191905583,1214458.8817266445,1264324.4288872932,1165033.8239854234,1155413.728172732,1167171.7301269155,1166220.9518749244,1149926.482881589,1193734.1594292147,1171383.7701854801
2019-05-22,1385710.5984304757,1160522.150010241,1032673.8405160714,1193831.8192697226,1243339.934744013,1144977.8057509207,1145245.558525161,1152226.7215843624,1146824.8243021502,1129697.26387346,1170777.2769652961,1166610.8597625466
2019-05-23,1399522.8314163287,1164145.9728526578,1030466.975847818,1200597.6316153703,1249639.4387710777,1149930.2789053242,1146780.201184152,1162461.547092836,1148111.552140081,1133634.7428988745,1179527.4244623464,1148888.4446853788
2019-05-24,1403297.6800240385,1165806.0327001554,1030787.3959855331,1200962.3775729768,1247521.334613088,1147684.0561026013,1147613.4044804429,1162904.6503879426,1145973.8737090656,1134348.518200113,1181557.855503796,1147792.6488720174
2019-05-28,1368975.2688345287,1143602.1900347946,1022170.9530499388,1190701.4412259574,1236838.9239940238,1131916.3045151047,1128917.7672132226,1147142.4717605654,1135852.8121056824,1119493.5011224363,1162963.2756052797,1144242.807779682
2019-05-29,1378745.2497336664,1150491.3178261123,1022791.5015942571,1197661.854438159,1246034.1911712247,1139520.202991898,1142783.2033570984,1157211.3289657203,1144111.2997159113,1129067.84443018,1172532.847984365,1134571.171918887
2019-05-30,1361220.369105784,1129901.686188574,1012282.8657284327,1176722.6153630596,1237081.9934026892,1123092.076521685,1121412.1198466348,1141242.3189601179,1130038.2378644017,1113520.1702467038,1156688.2104602074,1139057.9855995157
2019-05-31,1349200.698271243,1131400.4627763312,1010144.5546768542,1166005.5075066444,1216310.349274276,1113599.6714472226,1115490.2863487347,1131772.4056175882,1121922.7905474433,1097867.816585333,1134053.6539438344,1120595.1119293054
2019-06-03,1352375.2894268697,1145190.5847250745,1031390.3643095002,1211310.7466845154,1249477.002500895,1145654.0281977584,1146157.4338649542,1167994.776769306,1146571.4888389609,1125340.812045205,1163541.0247705244,1097022.8743825739
2019-06-04,1380126.962781482,1157845.664543757,1039590.732293262,1215305.850979523,1262487.4382767875,1153666.641427071,1156300.6878786762,1181898.8137404083,1152009.709526998,1131762.4949516456,1175985.548670967,1126693.3403709908
2019-06-05,1399684.564858307,1164782.5495766064,1046547.3191388308,1221673.5648032706,1273371.7768560222,1158784.1535554884,1152428.4698357158,1184142.815699183,1158479.239779116,1137734.5097014795,1186282.3303924876,1135206.3112926001
2019-06-06,1438135.321311478,1187629.5290480987,1054772.106203453,1246851.5998132129,1302210.591187126,1199802.373963433,1172074.572279334,1239621.0107867636,1167382.444154987,1149939.7939773623,1200071.1539449957,1143857.6864069581
2019-06-07,1455496.920953882,1194922.5466082934,1058597.9290445591,1243284.9678781135,1315041.691993614,1206893.4537915639,1176344.0745202997,1246368.1743795818,1177221.9047729932,1153917.255053775,1204994.6069287835,1166081.0396081633
2019-06-10,1446239.7624253472,1192254.0540847096,1055502.080547843,1243635.775215707,1305243.2471747666,1208849.7547786315,1170870.2075922391,1243561.5514214511,1171264.7029457751,1147465.1424439703,1194750.8997757484,1179387.4167483044
2019-06-11,1460105.3895222843,1195400.1447426104,1052237.4599003298,1231848.2177368025,1304860.7642585132,1211787.3312676416,1169218.7373068857,1252440.1073041537,1169259.26063212,1145619.0075670395,1194241.9070314642,1181261.3619248916
2019-06-12,1472784.8161752098,1203015.3495517562,1057679.6916666115,1233567.9147917752,1308734.7995521768,1221652.1023263922,1167877.157834355,1260052.78464457,1174779.1137222976,1148461.9300614442,1196264.4862925326,1174727.6553991989
2019-06-13,1453283.4019407472,1179675.8495358017,1047372.6528564626,1227031.3948640602,1312223.6968686122,1224016.287451247,1166458.200699403,1265901.2254640048,1168792.4677901238,1143102.117829769,1190598.2860878727,1180763.0147150601
2019-06-14,1459157.2383966069,1192280.3666168114,1055252.2701830983,1247290.9817471942,1318356.1282680964,1244710.0516227789,1176410.1177822992,1288121.5626958357,1182581.5690266981,1156997.0238917633,1202474.0742934754,1175799.8081225068
2019-06-17,1473348.819622876,1206439.8822223493,1061639.6165796604,1265474.3298485503,1333868.982254956,1249122.1166285872,1197807.1095361111,1281363.7398677743,1200782.6484040355,1172452.6782358256,1219477.9526411286,1183253.2154986288
2019-06-18,1500320.8107474537,1224194.651918254,1064840.2249785592,1278783.3353410622,1340018.793814437,1259125.9001462713,1209605.1442895248,1295031.1551265721,1205700.4939239162,1184155.1246172227,1232302.4878892105,1200370.3521177685
2019-06-19,1506726.5054083827,1226737.7483983568,1070399.8718773052,1287930.7735687115,1353334.6965300988,1280410.1117661223,1218842.8995698763,1318118.819221116,1214827.4004137723,1197157.826774164,1244663.1635551394,1205454.6144019275
2019-06-20,1497559.2963474232,1227478.1403648362,1083591.5971599787,1287057.197366728,1347971.4666804995,1289346.6075109688,1214692.382856444,1326011.158112408,1217741.5602227345,1197730.9698366416,1243068.3258230246,1216508.066055109
2019-06-21,1481891.2740674233,1218183.263568768,1083499.0304372676,1284750.390844681,1341202.6758563598,1274962.4613405317,1206481.425515474,1313701.3275000113,1208956.2608192177,1189931.177527789,1234306.1169535222,1215050.7151957978
2019-06-24,1462046.274202187,1209240.9222379113,1077636.2899395146,1261691.8214592894,1323391.9163641995,1267064.6313423226,1194701.0503875196,1312594.15807262,1188538.1218002927,1166821.6126693701,1207252.858886297,1214145.2155520562
2019-06-25,1457694.0349398095,1205914.3656734645,1074138.9050418036,1274770.9733164047,1318587.0576662875,1269705.6437259903,1186966.0169701292,1308718.6876706507,1183163.9536308204,1163375.9932474594,1205792.3088811822,1193475.0905461262
2019-06-26,1465484.4070936595,1216664.9306648492,1086398.647373774,1293842.7822699135,1329639.7616038711,1270652.849129794,1192687.4132898813,1311479.564628234,1194550.0738645336,1175757.6693982496,1219227.3612725746,1199057.6232768372
2019-06-27,1470612.724466137,1208963.651819637,1087329.48156431,1303979.6376720287,1345348.4736377674,1296300.6410629689,1209498.3789954248,1349141.4477282988,1197945.2606857398,1178744.1072194348,1221696.6353043527,1203773.9591628565
2019-06-28,1490244.7939367977,1223494.629236089,1093499.9776838147,1322501.3823707288,1358438.4632690912,1305332.7516207811,1217885.5250282064,1359825.8696465597,1218095.7288961406,1200614.8086605698,1245900.474396055,1205979.675232988
2019-07-01,1499917.6309437854,1228554.6810624218,1096953.8671023292,1323029.7853014793,1343269.625813398,1297419.1960293818,1212441.2086566447,1360981.402411038,1221177.0253577821,1203321.8380464986,1249616.4135088532,1221238.6031478164
2019-07-02,1516057.1623047255,1239863.6491729757,1091702.0980285504,1338525.609321736,1356390.3747675724,1316812.420840036,1224292.7471401761,1382090.211431047,1233116.3340371,1217468.6248651808,1265753.8559553775,1226219.0047149542
2019-07-03,1517848.2909788124,1237658.9984757146,1074421.3005493148,1339126.0955970336,1359166.5750544884,1320452.1710636248,1212242.047714478,1381697.041290919,1231621.7308308305,1212553.7600303066,1263903.8383491777,1235316.8350622728
2019-07-05,1505531.7364203937,1222625.645475639,1067617.5190688407,1331788.0364550813,1352211.916544192,1310865.3187652202,1206782.143463015,1370161.3255569139,1225033.2375856873,1205800.029685734,1258390.1090299594,1232740.1220628258
2019-07-08,1520209.0203753004,1235398.4351801963,1072720.536644404,1343528.5226040524,1353868.740633692,1317963.6752676927,1213852.1408274272,1377975.2945252927,1230208.9745581462,1213269.0287932288,1265958.881380503,1224013.365408102
2019-07-09,1517337.7237930498,1233401.2835815572,1081959.9193208597,1350031.7844526789,1361723.3103409146,1315774.5820703383,1219006.3274421787,1363610.239115341,1238228.0090184326,1219370.4334840816,1275726.3610408155,1230470.001601282
2019-07-10,1516855.928468162,1230591.5488723489,1081563.9904277474,1345135.3319715313,1360821.2352451128,1296233.0702461244,1216754.236550272,1334460.7241492274,1239928.9100661876,1219745.60331071,1282413.6175717711,1242502.9526995418
2019-07-11,1509187.559667504,1237338.7609312488,1082012.1833604223,1307523.9870323797,1331079.9527762285,1182155.0551472078,1224068.246218356,1151815.2258316616,1245475.116022061,1222475.7781396275,1285566.937481142,1241462.1961575064
2019-07-12,1507553.0547875867,1236697.9237909566,1081778.1978089274,1297215.4316766718,1328623.9139934622,1171618.0810455051,1221536.1632269071,1143774.8330231758,1240061.907771876,1216153.2830276543,1276611.9916706537,1248766.2989552058
2019-07-15,1492799.1260376025,1226729.759494634,1068994.1548633808,1294526.2697199243,1324752.469510704,1167411.9874461223,1222432.0650143824,1143021.2218614074,1235378.866628535,1210957.6041681385,1269821.7035569313,1252490.6229816056
2019-07-16,1499630.4281463814,1219624.996420564,1062433.4670805659,1289256.573739793,1325367.5987669365,1166418.311678737,1215554.0415837828,1143344.0162815272,1225719.0558493373,1206719.8593792901,1268297.3264236902,1246225.7414603538
2019-07-17,1519292.745213902,1210535.4256345583,1068020.5578068472,1246493.369626307,1330669.6827842277,1163023.6161011474,1211663.4839468857,1132046.2699422163,1212492.5633618166,1186039.3732895378,1247806.9313805923,1240201.3592934462
2019-07-18,1487464.99883805,1187232.214744605,1059997.7063298414,1228173.8070165424,1317559.8184012931,1149560.8910821152,1200254.6286247785,1113792.0466932016,1196966.711148021,1168816.130594926,1229866.5239823496,1242617.713802237
2019-07-19,1505275.3839452928,1193623.4048974416,1063656.78870121,1235188.9221375296,1325123.2424184904,1161128.191365602,1201364.6856878917,1130995.9975801292,1196485.3451728616,1166455.4911226917,1228936.1648696389,1231733.9857597975
2019-07-22,1501931.9809096854,1209407.1244491392,1083867.2556259588,1231686.305636778,1337274.1982133898,1178163.1852175987,1203925.217777067,1153544.8792106756,1196775.405279408,1165741.1211209432,1222253.5618687437,1242773.3897328498
2019-07-23,1528952.8326956271,1237165.1230784252,1103562.431877809,1252751.7242871632,1342883.8014933497,1180953.6662320327,1216655.6196459555,1154227.0545549816,1222758.9257423251,1187784.6136232198,1245705.3572686727,1250545.9020614165
2019-07-24,1520994.9601747573,1227359.7279997664,1094683.3457266516,1252646.802512104,1335077.765317378,1161851.0169821053,1206324.871835689,1134415.9766022358,1204994.315808155,1175171.2489607292,1232660.241658909,1259357.558903151
2019-07-25,1531463.4650768044,1240283.1704835757,1099783.6703091506,1263632.6363948358,1340156.024930086,1169778.4233462806,1206793.7509385883,1143036.317081048,1217682.5077349003,1189840.9596936922,1247421.9674098361,1246664.366838816
2019-07-26,1531183.4785592102,1236225.507546646,1093210.7041166476,1257830.4876698907,1333676.455449333,1173796.054658922,1201242.5032705795,1154498.5002012753,1214017.8949477517,1184012.4567408059,1241189.103017542,1260354.3300860932
2019-07-29,1506445.4673148044,1225498.6708026745,1097169.8211109005,1247752.0393422989,1318489.7274710953,1169120.8623752568,1201717.5199984054,1140628.4048342484,1206011.1955677904,1173872.480458839,1225796.6664624317,1255972.8356247938
2019-07-30,1502572.403777235,1205026.6456534697,1093983.1255274548,1244998.1571561336,1311057.1031988715,1168419.0852949945,1189178.6384635833,1136389.8954106316,1197371.1208939226,1164548.6769219753,1218697.1993518823,1250217.3552256066
2019-07-31,1511878.9344024535,1204298.4736578264,1099620.1366815988,1241528.1163260143,1297850.0431551356,1161202.49073983,1206549.1656678452,1141347.3562135682,1182700.6790811364,1157814.519128572,1211042.6453554232,1233916.0587398754
2019-08-01,1485660.773805606,1191112.54771023,1090014.0065630137,1230639.3007936676,1288523.16106937,1148075.0473434487,1197166.1402466595,1125942.0717695446,1171014.4592175249,1144953.056253725,1193521.3813427123,1226428.1078880257
2019-08-02,1418473.249706129,1135324.4135377884,1052157.4208814176,1191817.0179324925,1249670.6640083676,1108721.6598220335,1159984.0999153543,1092500.6457434373,1137068.0530720598,1108016.1859762478,1153346.8361328067,1209394.2594270296
2019-08-05,1455237.1008272571,1162366.6879977027,1069997.4130522464,1208770.3608660335,1266971.174479623,1120989.5468691136,1173231.3424391411,1103942.250431109,1150820.9789647076,1121076.4282623096,1168193.416113767,1165829.4863415866
2019-08-06,1476461.7115321443,1162860.1896512648,1076661.6235559357,1204894.067655983,1269861.5517388375,1127256.6885222883,1171558.1169267783,1108060.20484052,1152994.957883244,1123351.5126303935,1171513.4204645897,1182435.686573074
2019-08-07,1563263.3932672793,1219825.7898143781,1100641.6004224217,1235952.4748557282,1304516.1461285655,1153049.9944312875,1202443.1694755817,1128441.8224085774,1184266.0561498532,1154563.6935802097,1204975.2711954953,1187243.2172350143
2019-08-08,1561979.148928853,1207399.4337045343,1088560.347872775,1219064.542656306,1291403.907595296,1142966.4308351397,1192972.5088749689,1112568.3154960098,1174340.0395751726,1142232.9314550275,1194410.3467605938,1214429.7770287727
2019-08-09,1493606.5554908975,1159217.1406896466,1076004.0268532347,1213392.9683482207,1276866.970341084,1132084.9491989457,1178605.524029389,1099066.2424015307,1161430.9591376758,1129482.0349240936,1182096.3826168582,1202079.2562436564
2019-08-12,1524109.4264468763,1179830.8981934376,1084932.157713719,1233532.8469725142,1299862.7073243973,1154540.7589975588,1201361.4180639717,1115014.6956906847,1176917.1644893428,1145184.135644207,1197513.534251331,1188780.7857212932
2019-08-13,1480533.1552768468,1144789.6290483596,1044529.1433185842,1189603.8894737777,1261979.9872584206,1117674.3112281766,1164923.6375352072,1081042.3990986536,1144553.0902278475,1110936.3099365775,1158733.4638417033,1214951.6905653786
2019-08-14,1476032.771599626,1140101.5788151145,1048119.3518845144,1186429.1731353612,1267151.9339057386,1116264.6267165635,1166741.497931984,1079957.1359812801,1145810.1700920071,1111305.8731271976,1159897.6854734858,1177532.2785751692
2019-08-15,1503500.3051930964,1162763.0438483597,1066161.6210090164,1209616.140456542,1283012.7154417033,1126446.5571108717,1187964.8884277144,1088236.635081356,1165119.8717030059,1132342.6368225154,1182449.3019683512,1176708.531823983
2019-08-16,1492586.4481339816,1164222.9212777521,1079607.579931494,1231893.5595867631,1296558.3510693465,1140183.522722648,1200961.970292207,1098291.9151193306,1178232.4254960269,1143858.2459126504,1192283.1748429171,1195451.2076475879
2019-08-19,1499829.495066508,1156721.054561247,1073229.0388543294,1216594.210854953,1289441.005460154,1129850.4446659433,1186220.8877427198,1084736.4485444466,1166916.0481413305,1129426.6173943153,1179123.956872125,1213563.503420802
2019-08-20,1528788.6235654692,1171460.2124915817,1084594.612153932,1225152.2077837859,1299986.9062495693,1148164.5194467683,1200974.9139457243,1104520.482693806,1167204.4939145974,1135599.1408507344,1188648.1123021517,1204940.53071982
2019-08-21,1517203.0147043543,1164400.3910400723,1081278.1003300087,1219457.3960292633,1297626.0825098946,1143508.6890547166,1192836.5763155003,1097745.559719876,1162598.7874455163,1130939.2227620883,1185107.281075279,1215748.8004586145
2019-08-22,1477333.4986898156,1130113.520331543,1054276.9212085768,1190064.732518743,1262782.1373716444,1103855.7633993186,1161284.9017606978,1062119.451919246,1135489.2743157537,1105991.8924322657,1164403.9879936709,1211694.3175675375
2019-08-23,1497654.5509538867,1133411.219386907,1059808.924871494,1209058.9937512367,1279449.577885135,1113437.57772481,1171285.7797342415,1072509.520586934,1147343.431428698,1116793.0980361183,1178260.7237473151,1173580.044372246
2019-08-26,1483348.607091642,1120300.106798469,1051524.6266502095,1199345.2480245812,1279865.2208777189,1113346.9799721597,1164019.4044349645,1080797.6274330262,1143364.6160414412,1109068.4994328332,1168013.8502741433,1190877.9585143602
2019-08-27,1474080.5175343284,1120630.3009683446,1051206.3543918272,1199852.8734728117,1279493.8447224996,1115399.598636316,1169434.9753668548,1071799.4652829175,1152662.0078851676,1114647.037408222,1168666.2622562074,1189464.5930141422
2019-08-28,1484022.034378529,1130961.8033121084,1055644.8916403938,1214985.9615883082,1295643.5916348465,1131343.2294875742,1183927.2434353118,1085841.0178330706,1164256.196873161,1126295.3652919387,1180003.96744314,1192902.8202982377
2019-08-29,1472308.3237511748,1128853.4235187792,1057181.779312614,1207086.3790383849,1295126.1320472916,1122413.3862122565,1182338.3210709894,1074396.6018658406,1161284.9212183594,1118924.0698122715,1168322.1597084848,1210889.377819803
2019-08-30,1449634.3377439845,1110233.3409652533,1051891.2454908416,1189279.0089930564,1276912.248252265,1097626.474235766,1168662.1041838315,1043067.6457184915,1147065.344337104,1106459.6554222277,1155892.3688019891,1209111.3099791803
2019-09-03,1465703.302279647,1123875.9008258146,1067220.8574867758,1206196.110533336,1294761.4892167002,1101217.862210305,1175372.951180301,1044580.9955165546,1162031.7191613035,1116803.5047214103,1165524.8176472012,1196300.1327544153
2019-09-04,1475870.3709701088,1146618.5998893967,1078153.2348567592,1212040.4083721084,1317212.2227073333,1109504.3256861132,1203056.5683010172,1048149.4804836453,1176627.1791321528,1129955.8389472666,1177338.550294279,1213552.5262718485
2019-09-05,1467251.8370762486,1142925.7421064791,1081965.441555268,1208653.5119193103,1317921.414514406,1103423.9678269057,1204618.5564372407,1043109.4456029466,1175264.2592664736,1127293.191208435,1171594.4335179818,1236079.3247165016
2019-09-06,1427757.514574284,1137655.129012436,1080563.1539107724,1204114.2863795974,1295374.2789146756,1093018.8910083768,1198781.75202995,1031464.0405257771,1171839.5856596862,1121886.391906663,1164328.1468491554,1234507.2127544952
2019-09-09,1402780.8756277792,1128222.3179652558,1090345.3237941698,1201726.1790381523,1291955.4408050207,1116048.580990637,1196190.426102661,1061328.0720352216,1177841.6231035807,1124240.8306181873,1163875.3599264964,1231340.957769296
2019-09-10,1425496.1913986062,1142528.1894008573,1092771.5883182767,1223760.2281678955,1295643.7625660624,1149097.669670782,1204330.1463668128,1106641.6776253309,1186599.3974683776,1130731.1018174116,1169561.8156995962,1228564.6602434225
2019-09-11,1424749.9585879638,1144716.5995542859,1086576.6385221137,1221429.1282697306,1300618.3248775066,1162488.3543936282,1197353.9083703412,1131988.6959155947,1177523.7607301613,1122545.2272694875,1159035.063217128,1240015.8992104281
2019-09-12,1413108.7702678489,1150872.4774541666,1090507.6816160541,1230280.1778382054,1301550.1533413695,1167756.0294964435,1201000.215443531,1141552.0211400266,1175825.6314407273,1122427.6116440562,1156285.8363195688,1244694.4675629854
2019-09-13,1409554.2724869507,1141342.53698364,1096756.716671061,1230333.0068580494,1290860.3412870455,1181882.701447393,1203552.890473579,1141024.6671079427,1172781.3963667534,1124899.7378595534,1161210.9418135576,1240860.1417572128
2019-09-16,1419297.123531523,1145108.0214791733,1104725.1659119083,1242432.9234950684,1295631.2691270458,1170971.1220634212,1205309.1164332975,1132963.9823654664,1187869.6283439351,1138080.2270534937,1178148.9778246093,1234486.7937221762
2019-09-17,1414607.3839911614,1131203.2124472081,1094451.7511127722,1238572.6746568386,1295950.8211150232,1178926.2294712823,1196625.990080977,1148552.6300784145,1182388.4912794447,1128423.1897089586,1169634.5067132278,1240206.1186167689
2019-09-18,1429369.6974289292,1132844.212233005,1100621.637519082,1238072.420925121,1301628.706233631,1181643.0052587187,1196292.2372169318,1154828.5402467006,1178606.9858727572,1124128.566591593,1166927.441833469,1240169.9631121736
2019-09-19,1429542.6298621625,1123813.0618713284,1101791.994291169,1214297.5843030552,1296574.6990687735,1184427.8247804642,1194992.5987988627,1167965.982066614,1171933.8476139142,1115313.54413487,1157683.2559628007,1242249.8641673771
2019-09-20,1421525.8242024244,1118860.4798564042,1103045.658100723,1208378.9671715375,1295266.3608669601,1181571.0600522808,1190589.7229103637,1156111.296109067,1167210.1082143425,1111378.369113216,1154375.987189321,1229949.6233302644
2019-09-23,1406134.2356311828,1099731.0497427166,1086595.1261397637,1174065.7669595843,1278322.2768479628,1151238.9275452208,1169224.652963263,1120520.0522927262,1143508.7442105927,1086714.4405757815,1125666.2989336513,1229173.0092326268
2019-09-24,1428611.4577433115,1118869.6111235602,1090867.6915714575,1194345.0079530287,1290967.743553494,1163924.8921407117,1172585.733400698,1137896.2464650625,1153291.1588848315,1099437.19465573,1140068.539641558,1212104.617295903
2019-09-25,1424934.6507778503,1108189.7979256145,1077236.1245637203,1182618.1746023558,1292840.1392920527,1154323.7484520625,1168990.6201254164,1133053.637227982,1151009.6883394844,1098828.7498062071,1145603.2382421691,1226803.8641406635
2019-09-26,1403351.949585292,1098746.1837137595,1067094.5078469561,1163095.360065668,1276045.7089982405,1156962.1146734834,1158382.913741821,1138800.141997316,1139036.7004136967,1086299.019454774,1128933.6812421463,1221843.8816058447
2019-09-27,1415512.0168755674,1115668.544703902,1085441.3398931122,1175693.1750260317,1289968.4464881418,1168920.7311609874,1171758.9447010264,1150693.4024014268,1151060.7678346024,1096752.686523398,1139128.0087159425,1207630.392793095
2019-09-30,1406006.2595235405,1102978.5368156696,1069109.0730211963,1164487.4938494205,1275033.468927961,1142983.2024975629,1154839.7057844352,1122629.524751125,1143723.8264085902,1090828.4968395468,1135101.3454549252,1218300.33510242
2019-10-01,1383784.8957654617,1082805.389180277,1046065.0647329581,1157019.5194106407,1254085.1995459949,1117435.2114856415,1142001.6723806346,1094600.260581462,1130408.8213578006,1077233.9099194214,1118391.5322942375,1208032.862666962
2019-10-02,1409945.29177503,1095930.1558668865,1051628.3945136368,1174099.3566532875,1267572.7888878856,1142616.8599734479,1160971.350274735,1124368.1530927925,1139990.0412845481,1088436.7751162492,1128592.8315850894,1187068.7343009498
2019-10-03,1427195.5330364818,1105779.4760450758,1058270.3012688507,1198791.1308113951,1286659.239701451,1160066.272430034,1173641.668755377,1144316.8128323937,1154367.1620075365,1102141.5039726805,1142600.714754805,1200840.4504407824
2019-10-04,1418798.0905980493,1100355.2490522696,1058158.089199228,1200909.4145179894,1281889.521627241,1154851.4446518316,1170787.3434136747,1141155.6865148102,1149228.3888033826,1099321.9094335027,1144770.837713477,1219031.351812097
2019-10-07,1385930.6982108213,1069256.08075638,1037776.3420951398,1177868.3236701044,1254429.7202758952,1117420.8610541678,1152913.7567652708,1094805.062808359,1130099.2764388006,1081718.9115161258,1124337.3483409774,1214476.9096823214
2019-10-08,1401180.7629208604,1077318.7095406288,1048704.3219435816,1185463.3895811522,1273371.1660824346,1141767.1955893296,1156417.2055456897,1125162.0736833434,1143056.1389392456,1092323.8083779828,1138205.3918874408,1195476.3860032293
2019-10-09,1415404.3587191629,1095476.4695440298,1051769.984108687,1203064.442401438,1281317.912083631,1150037.4396611378,1165737.2283450637,1130778.4189128836,1157165.2791649965,1108914.0062379092,1153318.3706091975,1209037.386941123
2019-10-10,1437507.51516279,1113292.3775435896,1064830.9658783262,1213900.1076725274,1299510.8401958868,1168159.4311387246,1183657.586857266,1147639.2949554569,1170099.0354029934,1122070.3383780196,1168799.3081455482,1216871.233129926
2019-10-11,1440355.0682112065,1118725.5092034698,1064454.4579516435,1223194.425324904,1301551.6876521115,1183547.7028879435,1188226.3102167048,1172100.3138441092,1168686.4258273912,1123855.560188717,1169329.5059390888,1233145.7392311483
2019-10-14,1451685.4847100999,1129545.95531982,1070295.5347544844,1232890.620336903,1317327.5994705418,1190381.4654166012,1202630.9387134975,1179726.3027304413,1177814.4780258273,1130508.6025300487,1174051.7176209872,1232902.092582349
2019-10-15,1418562.1506641777,1118895.5356406933,1071463.7414776075,1230372.9390125072,1309922.130802294,1181506.4551878425,1197448.2233269864,1169949.87291534,1173143.1633844557,1122100.49858346,1153144.8253612102,1248704.9650949694
2019-10-16,1423602.828588728,1122651.5473910025,1069501.277326192,1245890.2334281038,1309909.1616949097,1186320.0662923486,1205265.9193243284,1174031.6523813813,1177671.7810177198,1126790.671499715,1155143.8286531502,1245145.6821192685
2019-10-17,1406560.7293734325,1094098.5552593814,1055829.6800907138,1214359.9237315648,1304931.4816288447,1181602.399765648,1200272.061577766,1169110.1255113038,1159664.0826266012,1105777.496121736,1131798.4273119506,1248593.351286729
2019-10-18,1424141.296324688,1110222.3457199282,1065728.0454563722,1229080.860398434,1307247.3833577544,1193869.7151704463,1219721.3845328332,1184871.5716431534,1164807.0146349536,1111864.0309320511,1136376.3609594582,1237014.7620392074
2019-10-21,1407008.840381461,1173386.5682352697,1158880.807732119,1201901.4061610082,1292218.296202252,1189527.27946394,1240342.8939362366,1168448.4401708457,1154594.171609917,1100568.3392397983,1118105.137024707,1248308.7898100126
2019-10-22,1416274.684932775,1171283.7802419295,1154929.0784901278,1205933.1875120208,1291989.1297308696,1198370.6827979148,1235464.171674084,1178216.1199610964,1149339.06237965,1099714.4423980226,1118122.8323123327,1237978.44824873
2019-10-23,1446684.3962590974,1189149.0508819353,1169296.8221349136,1221028.5340423707,1307766.5517758876,1208318.8164992554,1249750.188407749,1189421.38390271,1176575.40853915,1126722.9519845217,1157197.0623984064,1240313.0498649657
2019-10-24,1453624.0710028715,1197099.9968547137,1176250.7124413538,1231032.4499038393,1302796.285901757,1158327.5079548487,1257349.7718588086,1110957.9235918664,1186843.3607818037,1134977.2722881027,1168703.0414129598,1252457.6147714658
2019-10-25,1448555.2686085443,1215108.0604441653,1189212.2537744083,1256298.5525634454,1317505.1609546433,1186332.772378244,1261369.8522608513,1157023.936128177,1196654.0002126624,1143516.5599240249,1174467.1111272497,1262283.3145340062
2019-10-28,1443756.6207470037,1218407.9875618713,1185462.3708939848,1246976.2324033028,1313320.9621303303,1179537.1230357424,1264703.2039426987,1150262.9876974206,1187850.3763127543,1137187.0106113134,1165065.0742918204,1275088.1204065813
2019-10-29,1441227.7317601035,1233043.5657092773,1191707.8137420705,1241145.4556010275,1317296.8244641558,1164906.7019732434,1270139.7799609662,1132896.7942610036,1192453.169910295,1146689.5858910591,1172859.3783870721,1265158.636690299
2019-10-30,1414246.5911877297,1208090.3585682062,1188577.5156488977,1233050.0880023416,1306535.9787141804,1165620.8215714924,1265687.4062409566,1128029.5825406355,1189453.6123682302,1142945.6213380655,1167481.1770905778,1270755.370627698
2019-10-31,1388321.8934484497,1195685.1766588264,1190456.2817741174,1242696.5962533408,1320828.1471916346,1185595.6689390698,1287640.3566861113,1147155.6882846577,1198944.3107117687,1151610.5284303275,1172720.9334046724,1270868.5964648055
2019-11-01,1378872.740662642,1193267.035933459,1190878.5580439777,1251603.124646679,1321728.4607531487,1199535.4801449194,1290496.955085486,1158393.5880406776,1204567.0085879515,1158115.5474160733,1176782.9751249198,1283027.285814714
2019-11-04,1371701.9186704974,1189957.2935031615,1193356.1354374287,1243579.043318933,1309273.5336409446,1193003.359151309,1287814.1804648829,1150674.996685433,1208374.4510088784,1165996.8900640148,1177701.843507041,1290807.7047610583
2019-11-05,1369562.6849678587,1177471.4179973076,1181216.8724951718,1236359.2098172775,1311557.0141986802,1164521.8147651923,1285354.6926328891,1138105.740706682,1200903.2688229026,1156670.736984176,1174720.544953252,1290732.1696941336
2019-11-06,1374407.0558455626,1180250.667323867,1171752.726193276,1242751.5351734858,1319819.3290507977,1159849.5346890432,1291394.2976744242,1133338.0712346495,1206850.5250968458,1161572.1669000145,1179129.4630369917,1288507.7233838297
2019-11-07,1382074.2354044698,1191190.4688891685,1187535.3350093968,1242871.23010561,1321388.2064007528,1157092.615636256,1306854.2036295992,1127756.5168836098,1209099.649494583,1168337.450772367,1181961.0761602116,1292221.070261276
2019-11-08,1386335.8731721472,1194829.6183083535,1188912.9660981211,1249244.8395452911,1324907.407726217,1164597.196165395,1311915.662469308,1133254.5523732917,1213123.7620956192,1172014.4814020614,1187495.1255451082,1297918.2873314028
2019-11-11,1392194.0746536911,1191081.731491362,1186506.3235369264,1250427.804488355,1337181.4848953623,1168183.0295709765,1314621.7628958526,1136560.0858383423,1216963.1911127742,1173837.9960071552,1189861.5422555346,1295720.5546423285
2019-11-12,1413706.940836541,1180353.647744307,1170097.4159892062,1242188.7493433594,1350516.2314964186,1175180.5246552052,1318162.3383079427,1144453.5616653191,1216969.1339007095,1171204.8031000039,1189032.7743941355,1299160.3171920115
2019-11-13,1432138.8926372207,1187390.4044610201,1165107.4288783185,1250517.3487634584,1354916.6260493812,1175443.2507890826,1319634.2026002477,1144334.7801118633,1221888.7648163305,1175785.0608869041,1195787.8829771143,1298534.5429383847
2019-11-14,1453111.1932582245,1211553.2680002465,1184381.5599982939,1272175.5546899526,1367212.2753148335,1197732.1524330745,1332748.6350370524,1169746.496158244,1229731.0975505735,1186300.2382571187,1210129.6598378192,1298223.344603718
2019-11-15,1437302.9758043499,1202338.308702253,1189813.1572206453,1282627.2297268778,1366318.0977396506,1197487.8044946457,1336232.7185014072,1171687.6983747047,1235841.3915230103,1191402.5328625138,1217342.8322294275,1307292.7725376603
2019-11-18,1443841.9748699537,1206944.0780562048,1190836.4088526308,1287469.0864268106,1370872.1199701251,1204875.9518458138,1347061.4168747046,1186454.134174757,1232219.1516829648,1191740.3573544458,1218138.2252525908,1309330.3770259172
2019-11-19,1448984.391340142,1213654.1399685272,1195238.2809570318,1287965.6586003422,1367874.414708411,1211107.3856711288,1340262.9620821779,1198269.7803079877,1226043.7579592185,1188342.7874988364,1219426.9992741134,1310943.3270525618
2019-11-20,1461379.8812523026,1229083.8302551613,1198953.9994041966,1289438.3531172627,1361190.888858423,1205499.657907089,1350257.641216007,1191749.7662725118,1228841.0351257632,1193179.1349255005,1218939.5865055493,1302298.246527114
2019-11-21,1468744.4250654867,1245142.5198923417,1218673.024015182,1288821.6093175262,1365453.79006689,1211069.3950504246,1355045.4588858595,1202018.7061683962,1231837.6887404008,1196037.4786796821,1217063.7358563493,1299448.0259631833
2019-11-22,1504179.9632036863,1270719.4554008588,1235260.5925083626,1308339.1655131748,1376579.848879134,1225255.9364363889,1374078.528616783,1209117.634276414,1246949.6158979973,1213396.08642078,1236293.8130891284,1300458.8448262548
2019-11-25,1502498.1990149452,1270562.9561228435,1237933.8258965393,1307527.1995183572,1383516.9057108026,1226592.9670772864,1370069.163652586,1217368.5062907261,1251310.8371718887,1212624.3745148673,1235986.0089004373,1316161.0806795885
2019-11-26,1522948.2339248452,1279214.988596409,1243895.4328981745,1325976.0327742542,1388311.3967919778,1236171.7978871923,1375406.6470404204,1223486.5978141488,1260871.7774719647,1221570.1350293308,1245720.356611409,1318333.78853958
2019-11-27,1507650.181896403,1264378.7339768508,1234867.2363020682,1316125.136565603,1381252.105090601,1233802.444692796,1374357.2784353485,1221254.1784653757,1252554.3813839573,1215381.7711419815,1237967.1759591252,1327602.954526508
2019-11-29,1496559.5110296567,1248170.7905451567,1214898.2036947415,1303662.96096022,1367563.5434276203,1228732.7730506044,1362419.439072025,1215444.1007778386,1243819.2379926506,1204771.5551394697,1223180.144436008,1321152.536158959
2019-12-02,1493304.0757042165,1237046.239272439,1209156.2960313638,1299803.523387983,1360046.7206914397,1229031.7105092378,1353130.230530865,1223942.6770107266,1231277.9482630233,1194879.3262521818,1215099.3202499647,1306308.6672958184
2019-12-03,1496226.048747543,1240224.4123573154,1205277.2381443067,1296976.71795369,1363245.7036502336,1229712.7661287244,1361751.5207818963,1215011.1225769233,1242194.4996228463,1202248.9620855458,1212185.8774612127,1297737.5865717074
2019-12-04,1493425.9223959807,1253651.1821124598,1227956.8154362063,1295871.7230099528,1364779.977857912,1231385.56036215,1360908.3716310288,1216226.0598937725,1236530.692679866,1197501.747525319,1205061.7220082702,1304307.4486019947
2019-12-05,1508742.2258927631,1266328.5356186938,1234801.0454625974,1314034.1595352704,1381330.5827702198,1254196.1209663842,1367993.974293599,1239611.1131117917,1251404.2915033358,1211944.5365861757,1222258.625227056,1306173.5639240837
2019-12-06,1504900.0371288927,1255192.8916379996,1224331.1140824966,1304403.680919143,1376217.6814440105,1253273.7117316863,1358781.627040928,1238876.5326277735,1242322.5091511635,1203336.9599737183,1214916.71229593,1320160.601062619
2019-12-09,1508848.6619634496,1252807.9896250584,1222093.4732404174,1290763.7919531628,1369292.196468403,1253841.891133397,1360182.8542789526,1240756.9819171021,1235342.8706363556,1195351.7091981142,1205423.5953134506,1314716.3957613774
2019-12-10,1510416.7459578826,1248938.2180125795,1216702.1069120285,1303733.7131906012,1368245.2919867025,1242687.086225195,1362076.1715971928,1221957.9533069697,1243804.1308749116,1203473.3044680962,1214448.5041107459,1313387.93044817
2019-12-11,1505948.347445591,1258053.8836635263,1225080.9376543094,1310969.4335632594,1377392.1730787572,1251731.9709181897,1371597.777283411,1228757.3114550957,1244463.871747299,1205373.870558627,1210305.248263391,1320984.4245770844
2019-12-12,1503354.5158692477,1255489.7491433017,1230969.147798161,1319542.9430553445,1387408.393009496,1257126.5511678047,1364627.6012044027,1238025.3595974913,1250157.3922603624,1212936.2092300795,1220058.326376411,1331089.8497297394
2019-12-13,1532673.1666327775,1276975.1091243224,1247484.1834705693,1334938.215819462,1393140.1853735764,1270346.906502002,1374704.807121773,1248732.469122439,1259423.5399853787,1224484.660539844,1236791.2453426481,1334363.0359631358
2019-12-16,1534859.2852120905,1280442.4685539636,1240928.3079366607,1348035.9286699272,1391159.7470215638,1259601.5996842326,1372925.266637905,1235574.2633811755,1266479.2693780265,1231130.5026481906,1244101.884116811,1347351.8434164205
2019-12-17,1535297.4841644594,1283062.5561836865,1240412.6464792553,1351588.2670274784,1386563.6938327989,1263170.7374426236,1380579.2586325244,1240685.8376690848,1263657.1174398314,1233480.4993893974,1248842.745574451,1348196.085963205
2019-12-18,1541124.9687616362,1293694.2470177435,1245537.1198832488,1376152.8998695642,1396525.0579987199,1265567.4347405187,1380304.874136823,1241392.397238123,1278036.981368865,1247984.867403651,1263466.2483380144,1348969.5527663874
2019-12-19,1558685.0411422143,1309297.3507330266,1260095.2160746073,1389929.059183713,1412587.84285789,1278775.6175504837,1393728.4280059896,1258498.2809407134,1287311.0173617916,1258617.273012285,1276374.951126561,1358507.543757756
2019-12-20,1559942.1828074704,1310258.2252556593,1260352.2103449937,1391236.5788656794,1411153.9260820518,1289894.8778712659,1385646.759076881,1271473.2993885651,1281306.8768468807,1253457.5415523995,1272148.002932076,1364355.830961732
2019-12-23,1562162.5014633026,1314908.5611391966,1266949.448257954,1393984.8857447691,1412973.309468441,1296172.1963236432,1389155.0831532567,1276559.4081929554,1285463.5586794007,1257622.8424951343,1275982.7368095454,1367110.097426419
2019-12-24,1568633.1670060402,1314262.2009272247,1264495.8857921879,1395372.1164304144,1417109.3821935907,1292663.6750469855,1389445.451547103,1263705.9112454667,1287066.071665855,1259077.8824910582,1277671.8534227766,1367660.3366131212
2019-12-26,1572454.2247140557,1310342.6786383279,1260014.7408360064,1386480.6883799427,1417655.2143527414,1293387.7013591598,1388516.7894721578,1266164.3345596145,1282136.2889633605,1253827.1431791584,1273222.3352376844,1380048.5481684203
2019-12-27,1549113.800078965,1291797.3895081992,1247313.1283692012,1368609.6836935678,1408080.09407182,1286501.3105321669,1378122.3236390962,1251917.7670752124,1275400.3863342952,1245308.8653254646,1261181.0272473346,1378896.331344704
2019-12-30,1542453.4061904424,1287847.0992558456,1251795.0732505391,1376407.7844224388,1414235.925550603,1298253.4912587132,1382001.4834792141,1264481.4622233845,1279727.2684906523,1249822.2812240943,1265816.497609461,1369267.1455774142
2019-12-31,1600726.054260137,1315350.9044670656,1258251.0356580412,1398831.529793363,1418572.4578452746,1294451.4825407185,1389248.9252475293,1251572.093820032,1291574.3894753114,1262153.4160604824,1285852.711070774,1372936.430332488
2020-01-02,1593358.285180168,1304400.8446753789,1253256.244292377,1387875.2060130287,1410496.0643852677,1286077.4401454823,1377891.2404413682,1236429.8560490005,1287376.5438017938,1256371.1403367855,1284268.5787537135,1394812.2761678728
2020-01-03,1595224.7020135245,1307098.6425379766,1257031.7315629465,1400265.139301319,1410052.9415071493,1296128.3537298657,1392244.8369250551,1244868.5033025243,1291195.397383204,1264452.92418913,1292335.4920017985,1382499.599679498
2020-01-06,1616892.0095361567,1318246.0269398699,1252595.960467567,1412438.7273352493,1408546.0407821552,1308157.2096776587,1385698.2535219744,1259455.5515644483,1287457.2409205986,1262578.9054541208,1291845.0878007514,1391086.3401126056
2020-01-07,1637371.5475268525,1332775.3275899724,1259775.910548806,1426714.5994574996,1418808.4074151723,1313432.973984362,1406378.8795870226,1268744.6718853714,1296431.1012818415,1275566.9876511912,1309873.7395845836,1390761.0173345301
2020-01-08,1659374.7164946431,1342669.2691833253,1264622.2941752898,1431063.524872131,1429058.916518741,1326698.7848656743,1404652.3321392715,1278064.9493778874,1301525.3075790994,1278944.5644350066,1314201.912877982,1401124.3671059522
2020-01-09,1676850.9323452932,1351789.8307871816,1269686.8391012712,1416764.7853319678,1425866.9373462717,1324584.812156154,1394882.7392902304,1280330.0485161936,1292775.5554530635,1270232.9435466335,1308757.8669296312,1413270.46727804
2020-01-10,1704757.1652965609,1371053.5864749975,1268303.0375622038,1427086.6411735434,1427821.4890012862,1297904.9404999337,1397279.9657693068,1242857.9191300988,1299565.5783558215,1280206.0161988237,1325202.9588497302,1409656.1450310133
2020-01-13,1664390.6966620414,1356876.2215105349,1275873.6850354015,1420912.8048579812,1420132.181502607,1283650.767731963,1406526.8462259145,1223704.9269950823,1302354.443778965,1283887.8819659026,1324669.2571460065,1426007.7982280273
2020-01-14,1676427.7426583297,1350502.8157510404,1269046.2333746413,1424329.2441899444,1427838.892362827,1290745.5781933754,1414061.5753620018,1234254.4805288138,1302499.0721428401,1283865.0397064954,1321874.1977432312,1420154.751700729
2020-01-15,1692208.8044656743,1347847.1502068245,1264516.0335309163,1433438.7727835118,1441698.7229918097,1305608.2882590797,1426219.8470741573,1253981.7110090393,1306248.4596417064,1287274.1587047125,1329882.8721347875,1420508.4768921803
2020-01-16,1706011.739517164,1351591.604872615,1267605.1056937769,1432853.7118076633,1446706.9250282561,1302132.830666203,1427341.383602158,1250140.9152356565,1306309.5665684775,1289132.18335105,1332114.411150977,1434552.1653309087
2020-01-17,1689455.6984829863,1342556.3688436723,1272212.600522257,1438078.5167194395,1442925.5119584564,1307282.9413651705,1418841.3864704554,1259552.61315377,1301749.7459730792,1282185.6651995713,1337104.7675685657,1442213.1406145147
2020-01-21,1695475.710433109,1338581.3034945498,1278589.6432827974,1432354.9335710143,1455492.1798172244,1309594.829027052,1420232.0218999817,1268606.258418481,1298264.5243022025,1274460.988185042,1333095.2330143685,1441096.8490055546
2020-01-22,1701966.9683031656,1351579.1704529996,1265121.1378154275,1459551.996450944,1452994.522141911,1300469.889492463,1424360.7348645972,1256084.7106399687,1310372.4842833548,1290131.585223972,1349028.7607908905,1444547.6654674707
2020-01-23,1695189.1845356214,1339119.896755374,1250807.0246334865,1448853.765408774,1435765.2484418855,1276703.8749005394,1410905.7795404606,1230503.5185657607,1300646.4458338672,1281122.0295589857,1347395.4233484566,1449012.5248501927
2020-01-24,1663269.3321511622,1321216.1830524544,1246753.4009139533,1411414.8292452444,1415566.5540003146,1250467.5843127705,1393013.6268625362,1207478.2356370261,1275784.8320044887,1257585.4539073939,1323643.657860476,1437141.390744897
2020-01-27,1705837.6229859309,1342736.7169234175,1257810.420461547,1429870.3530263647,1431398.9007466962,1257909.7178921648,1415341.8687389719,1211692.6412739395,1289811.6304964677,1273258.284726849,1342621.5746188876,1407382.877275014
2020-01-28,1703603.100505781,1333037.4303262408,1254185.8792175173,1414708.6543475462,1403442.4479075363,1255828.1087585215,1404813.6172583983,1207665.7053461603,1279038.6679004782,1261610.8049974607,1332502.040009406,1429195.9307478538
2020-01-29,1712294.1823944466,1331289.4808326028,1245609.0730627389,1412794.3393116486,1409658.4987824545,1216288.2121598544,1407440.63122352,1152566.4926089412,1281621.2342095124,1267559.893552468,1349971.6699548233,1430875.0507213369
2020-01-30,1679678.0204185438,1303789.5355608603,1212445.4132880373,1404443.5153271658,1395934.1150553683,1187433.7457019794,1381680.130365098,1128370.383562962,1263838.6087030156,1248355.071133506,1327149.046250629,1436295.6129325246
2020-01-31,1705118.0659203934,1311373.4901595311,1215514.287714584,1440532.1420813317,1416124.0583339657,1196001.2256452648,1396139.6423239396,1136795.5509901354,1282269.0359953963,1271614.9926962976,1365170.773522364,1413566.0059037104
2020-02-03,1768490.236205248,1355711.1755556,1252714.8013410307,1479284.5420404826,1439913.09312471,1215572.345472339,1431244.7904558054,1149760.8178062595,1307356.9655047446,1303209.3176610747,1412121.746606615,1434745.608794984
2020-02-04,1741586.0917234104,1411827.832099425,1337192.5581350725,1481392.8376536805,1449026.1486071495,1233738.9014121275,1444449.6838633653,1167913.8197987871,1318977.5278689538,1312813.347372423,1393663.4870858283,1467418.6704569303
2020-02-05,1747281.282221147,1412915.5590412337,1350498.9764677673,1488815.6475831212,1454965.9167707816,1235608.3748325533,1440207.8555036571,1171679.2118026188,1306116.3424797026,1305107.767086057,1384390.2664273987,1472672.80987839
2020-02-06,1716606.7273839414,1397498.0042011333,1347817.7993692292,1475250.8915898767,1441529.9366692603,1213374.8764185447,1427309.1602074483,1147161.2836319436,1289137.5767998945,1291151.2750927953,1377907.104698861,1485004.370133496
2020-02-07,1738024.327743522,1407076.8538998198,1351192.4633588893,1489494.6659814692,1449565.4005217685,1214117.7232592723,1441664.036110255,1148956.7501039668,1298815.47229304,1303747.6156679401,1393078.7076116048,1477958.115191284
2020-02-10,1736137.5816144242,1409768.6414636716,1340226.839893884,1500582.8326275002,1452246.1415862758,1219878.4087319372,1449117.5779035357,1156103.337800506,1308072.8143075143,1311330.0992894599,1395378.2672788214,1496153.7758859212
2020-02-11,1794423.3598093963,1444140.7514479782,1369347.060671631,1520555.0045489755,1463574.3629951063,1223844.9224220961,1447309.6831996657,1149965.2341803096,1329911.3369567075,1330403.427516597,1419963.5478800056,1496314.2111398564
2020-02-12,1812205.9021909975,1460449.4608848437,1366902.4389403826,1522998.3867599105,1465536.8871103567,1218878.312547172,1438345.38288037,1143711.9656810036,1330612.092295169,1330967.0670775287,1425956.6934423514,1511302.7020213767
2020-02-13,1824665.6479055241,1468933.9630274726,1368194.5761331662,1524050.4179798334,1470698.7540528805,1238073.9315402193,1443575.8426671715,1168211.8604343554,1328974.4473978486,1331803.48496965,1429245.7001518982,1508551.5060878654
2020-02-14,1819958.4350796633,1475044.4960283488,1376449.2799703456,1528716.4895004055,1469035.2991129414,1236945.556201952,1445771.6834396278,1169945.4221000508,1340611.551255316,1342293.6682831638,1445875.6456273703,1512934.5358147523
2020-02-18,1902408.9519112443,1490701.2029870264,1389046.6638693067,1588806.3159352946,1487216.1940803598,1255946.4111518534,1453045.4703400023,1181759.1405628475,1367771.7701531656,1363662.922947974,1479070.81962562,1513912.346467684
2020-02-19,1895214.447198553,1479972.9339605814,1373111.0398640097,1583482.9444617387,1479525.037365936,1245614.85734111,1446710.686658775,1171308.863061547,1369877.11389211,1362150.0331656442,1468783.7326794986,1527893.2425438676
2020-02-20,1881574.7654161982,1464895.9505008853,1362866.7575358893,1559668.9870431586,1457358.1965249574,1226056.7148486443,1437874.2343796552,1153576.8721305346,1357245.8261304363,1348365.5342996279,1449906.386206633,1513602.683398605
2020-02-21,1772851.4568575064,1395254.889041753,1327544.260585328,1504442.2100400375,1410929.3096515648,1170546.78572311,1389410.479366666,1101340.6325504228,1323185.2506498015,1313918.9911373518,1399627.5491879147,1485125.5025883808
2020-02-24,1690346.6349239103,1350939.1619300123,1308130.028120122,1452299.260764549,1356610.7448106431,1120847.3875422343,1349086.7220464288,1060421.1256759493,1293351.5685200242,1287391.9464615749,1362267.0005112183,1427419.4749360986
2020-02-25,1702260.4574676643,1364911.322812439,1308410.0866169187,1483515.3411350546,1353264.9830648168,1128344.016716287,1348092.44399555,1075941.5091962519,1301014.7269942837,1299429.2870624166,1370245.243476897,1388940.499400402
2020-02-26,1620012.2910228616,1305221.8073890416,1254072.9984018097,1426720.5070598489,1294076.1562977557,1068987.1200245968,1297762.146201337,1018573.5806306686,1255195.1033964443,1251240.3982293978,1318794.2056719323,1395054.3875510842
2020-02-27,1629330.2752004354,1316355.9791391578,1247046.88704324,1425924.2045424639,1288717.5079731094,1082764.972178103,1291075.7154300292,1040271.8611372408,1253708.456435244,1254323.2382769538,1320364.6580566994,1326338.9703679925
2020-02-28,1702701.602462623,1373976.9020868037,1318282.7195107692,1475820.8547918906,1335699.4993746188,1133713.3561557957,1339219.7660553074,1088766.4290183191,1289591.7559272689,1297080.9256437642,1368005.1652245312,1330294.4286286503
2020-03-02,1669052.2324151008,1329790.65302685,1284862.7200101905,1444583.6285282362,1286914.9147236787,1109961.331927394,1305790.0910166954,1067619.9407557156,1255957.1268470068,1262951.7520086516,1329582.63073583,1395717.9293381732
2020-03-03,1747064.3350583622,1383795.5301837882,1344803.4328501849,1505449.9965872131,1349421.4567387209,1144146.789151113,1368546.4545828386,1105817.079306171,1303456.2813886185,1312829.8083611382,1375835.6741612512,1351150.0904808776
2020-03-04,1714792.7034160886,1333849.5921567902,1307105.4858226872,1474099.3720021083,1309585.6618631745,1108132.2614433235,1322833.1353220232,1079432.623551785,1268722.5080164422,1277371.4166431504,1339922.716277731,1406927.0569219675
2020-03-05,1672646.1288382714,1311827.3356441858,1292929.8425646694,1442928.420749299,1293146.8944888923,1084313.5432038894,1300653.3624690357,1072371.1249219172,1250962.2388493512,1256399.9587808854,1310067.8502077167,1363282.0662095565
2020-03-06,1506371.74215738,1191156.7490513485,1204494.2640776637,1329338.0163866167,1215078.373743222,984971.0976012312,1224879.5877579805,1010841.8754655166,1169734.4539026658,1169717.200116154,1211762.331815964,1341064.9308339823
2020-03-09,1609906.401132016,1267898.234612201,1245141.6253864586,1386752.276664339,1256985.6567133383,1032613.1339189672,1287313.6676507134,1046965.780379624,1221722.3194489186,1226530.722302068,1277030.7565842755,1249519.2699627897
2020-03-10,1509894.139905019,1200533.2511776558,1197322.4386981525,1305554.7392500655,1185331.04844878,962379.8623332927,1230896.7694288834,967090.3351727017,1158816.0473437025,1166332.8000510489,1213807.3282952034,1316214.5079220473
2020-03-11,1354686.2378432075,1088251.2728993834,1100863.7759633176,1176500.7556309176,1079157.3663877628,878248.3386722043,1131690.5846216138,877792.9850655072,1056895.28961959,1059199.4191735608,1088705.612424382,1258651.7205491154
2020-03-12,1353331.552771111,1087163.0240722056,1099762.9155629294,1175324.2583626332,1078078.209459729,877370.0936203949,1130558.8994515294,876915.1979089354,1055838.3950266112,1058140.223350881,1087616.908158105,1141927.0899301777
2020-03-13,1314952.080889429,1037579.6992694288,1055783.4089258194,1138724.6506126276,1029855.6604844142,788783.9365778725,1068090.023638375,834385.7520950099,1009566.1352167975,1005475.0762477705,1034859.432912216,1256944.3516888153
2020-03-16,1314656.7666092643,1037224.264394114,1055449.400330574,1138451.7871771457,1029508.0517821693,788018.620469653,1067665.378326721,834086.8011144463,1009185.228941961,1005033.9929092822,1034419.7081103228,1103682.319159915
2020-03-17,1314656.7666092643,1037224.264394114,1055449.400330574,1138451.7871771457,1029508.0517821693,788018.620469653,1067665.378326721,834086.8011144463,1009185.228941961,1005033.9929092822,1034419.7081103228,1174988.6505491415
2020-03-18,1314656.7666092643,1037224.264394114,1055449.400330574,1138451.7871771457,1029508.0517821693,788018.620469653,1067665.378326721,834086.8011144463,1009185.228941961,1005033.9929092822,1034419.7081103228,1128018.658389743
2020-03-19,1314656.7666092643,1037224.264394114,1055449.400330574,1138451.7871771457,1029508.0517821693,788018.620469653,1067665.378326721,834086.8011144463,1009185.228941961,1005033.9929092822,1034419.7081103228,1145836.9508028748
2020-03-20,1317927.8304594646,1042539.3378028327,1060441.4610500978,1147929.2276035054,1041315.4480673998,784712.7126899491,1064307.6990693782,837728.5559590674,1010279.6246109349,1005605.5718353081,1035430.4878675214,1099580.7036152894
2020-03-23,1352237.0471963438,1089130.6449839654,1096452.957743151,1178863.6965765413,1082789.9330480217,838002.9165749738,1142835.5368505146,871518.0860846598,1053214.352232589,1054663.7936704017,1083195.4944094538,1101566.2626001167
2020-03-24,1361645.9538579823,1087093.9363448108,1101719.9693670028,1170660.9105862612,1081607.465923849,854907.9394742793,1158454.0604208119,878641.0113377182,1062828.6008849894,1063786.906266974,1090696.0182213015,1187546.662478462
2020-03-25,1422744.507418932,1144271.6097842979,1178988.8282072025,1246482.7652642701,1146392.5806055425,892685.410952433,1228930.9980019229,941002.6863459287,1116263.3573650122,1116887.8850726313,1146196.8820990056,1174307.9137874679
2020-03-26,1350374.5769315253,1107972.2744719202,1138783.6648335275,1204856.0331207318,1101891.9804374978,836249.5505669308,1179807.0853467716,910616.7396182021,1064601.945652946,1065661.6803034295,1094734.9013377358,1241517.2354288327
2020-03-27,1389275.2125017284,1144156.6079183798,1192638.0394536424,1258824.977057911,1146680.518203018,868601.9036058579,1218376.754935981,941487.4577725586,1103373.9291637037,1107059.9745704818,1135164.4424819842,1192976.7433362948
2020-03-30,1386346.9519259182,1146784.8304867055,1180670.0252631523,1248087.1878506232,1139392.164404706,872878.267952722,1213080.7062297836,927546.4600935952,1096562.889910174,1097164.9074789796,1124860.0046328667,1240240.6620924964
2020-03-31,1317163.6650074704,1095805.4140191528,1111284.8699676902,1194093.1868329472,1088709.8302508038,830010.22187137,1145751.0816830576,884434.8794620337,1053279.3917293749,1050166.2457721075,1077553.2319550465,1228369.6815137598
2020-04-01,1334401.0418291232,1119097.955950718,1143969.341948881,1222879.7269552085,1109533.2113973482,854343.8932174585,1167760.161709603,914466.1835039312,1069528.694573109,1069455.3798378576,1096104.830671182,1176928.612146008
2020-04-02,1306264.2636623972,1099530.4802687105,1125224.3688009204,1203676.6727511913,1088289.26008698,837903.4354562749,1146001.162148093,894100.9398456622,1048021.2724160127,1050834.3470273323,1074552.362327736,1200411.266945686
2020-04-03,1428260.2244103951,1177989.9388368367,1208505.5554438357,1275141.441577595,1165596.8099384247,897471.7995616037,1249547.0693028232,957096.1614411377,1131578.7158300814,1132623.0969195834,1161142.2221774757,1183503.1567363385
2020-04-06,1442740.4068023916,1173164.3821053372,1197985.4526307038,1256642.3272551245,1158132.4566803698,897532.7729905471,1240368.0689593628,953381.1726533907,1128882.6029058753,1125773.0011535594,1154836.1591726183,1270527.4604511748
2020-04-07,1496509.699813622,1203748.631824026,1229785.0088710664,1282319.261329889,1185259.320826449,914488.3168100143,1279788.7184076305,965009.655009425,1155025.0716517665,1156245.3085522477,1187125.7012362257,1265441.6629014278
2020-04-08,1493316.1969864338,1202735.5048744138,1232580.6180448146,1285046.8322023028,1194444.9638938622,923497.7901696515,1289598.7499511917,974738.2639576017,1163143.2074804911,1163186.1643194656,1194303.6518884564,1293775.8337221395
2020-04-09,1500987.3006060405,1223521.4642902683,1247476.8444251448,1316240.8231677145,1205787.6418676714,927397.7611693114,1292861.7136159658,992800.0202428947,1179800.7603906745,1182031.3694982787,1209212.7583298306,1295189.1992223572
2020-04-13,1567601.5641766503,1271481.7872620388,1292967.3259992173,1370995.2207975837,1256619.5414008687,956494.0345213679,1347237.2640919897,1026444.0766690989,1225791.9994440842,1232350.129950659,1260789.141303728,1310000.059875358
2020-04-14,1566551.3964603788,1277941.0161272918,1279443.9667809966,1374885.3310121817,1245195.5289285749,939451.8645278256,1317077.6947602523,1019449.8764092894,1218171.9846033808,1229902.569322205,1254169.6876454153,1366504.8957316699
2020-04-15,1603509.000948106,1311469.1068610444,1308042.7587671906,1407424.233521009,1254985.325573597,959163.649169583,1333339.625744886,1046693.4335172417,1239480.146623416,1253485.7673226807,1278427.9719829648,1350752.3031670535
2020-04-16,1610210.5048402078,1313648.111342967,1324523.6628333519,1401822.4139498111,1276933.8455197325,991623.0030577135,1369924.0824381567,1073063.6562036702,1247973.8384347837,1260121.1375791829,1288468.6149348463,1376828.942704042
2020-04-17,1596678.0116126006,1311776.410912469,1315836.4954630376,1411086.6416757284,1272816.9163167735,996194.2654663037,1364087.827064691,1085085.6672751505,1245946.4887601207,1262286.1222600185,1289052.0379283887,1388553.7659988108
2020-04-20,1526366.0093373768,1268877.735369028,1265757.6660850272,1377622.5421739456,1225828.4781157346,960897.647266552,1304086.2791954032,1045323.4603790493,1203967.9537679222,1223044.3420872337,1245685.683191682,1371905.0389105387
2020-04-21,1584368.7040357273,1283079.0416403254,1257861.6779778078,1358203.8186451788,1255488.671101489,982167.4030601654,1340186.5194805223,1057065.639194655,1223251.386030275,1239230.6391483916,1265128.2064612112,1321045.6816740413
2020-04-22,1565078.2834987734,1279376.1287776646,1257072.2467591711,1357993.9639912152,1256187.568249361,988436.0387283239,1334704.8404526666,1061016.8963176017,1233445.451924242,1249441.458032307,1273960.6552539994,1362178.3637784175
2020-04-23,1566998.3986740427,1287081.355765746,1270733.9291480163,1366389.2233862507,1272898.3753705125,988182.155489808,1349131.4987013324,1057260.2165583633,1247540.3048628452,1264409.3096817397,1288941.5772973474,1358540.5519678956
2020-04-24,1595755.070434872,1303890.333473823,1291702.076759316,1370157.7265288704,1292544.0354930167,996898.308640355,1369982.299603608,1073988.4420289183,1255248.0243883058,1275082.9192843258,1300938.0500912818,1381351.8351259863
2020-04-27,1593200.5322140343,1291700.2948434893,1281733.864830463,1347418.940093516,1281446.8151708068,990182.0849801834,1353027.2701074537,1070003.0163549103,1242177.9837443472,1248829.7950103555,1275101.5647873618,1389379.1247788642
2020-04-28,1635107.4601588943,1313460.615786524,1316309.2362066251,1374229.6253009564,1323775.8957400427,1014841.2064400789,1385080.7766382843,1088123.2887281126,1272579.5542165872,1288768.6726248525,1318177.3106704107,1364215.8147401155
2020-04-29,1595574.4783187914,1294019.630883223,1295207.5704862075,1365137.787492137,1316132.2080178645,1013783.9453270332,1370065.0020308644,1090641.9440139758,1267835.2376190212,1288304.8803205474,1317899.6583087652,1412190.4079369546
2020-04-30,1576399.9087679358,1286868.1851838524,1255836.221122084,1343777.9559161868,1271787.8969656166,979161.5047329705,1339762.812195775,1047872.0491297476,1235106.510986622,1248696.8816884137,1277023.7109709107,1414980.906669516
2020-05-01,1594139.9084962371,1304791.1073276026,1275714.840278792,1366935.5524060943,1283162.7547044212,993646.7268422861,1369279.674783054,1055612.737917132,1255288.5630837965,1277127.007514294,1304383.9175844041,1370595.4573640625
2020-05-04,1621275.7139390314,1321542.2231824566,1295127.0328294379,1373289.1184763282,1295617.2370318698,1004603.235808671,1391897.9748637383,1063343.597374226,1266480.8144448327,1284191.3746341392,1314361.2615179429,1388821.0557376638
2020-05-05,1740935.7232950714,1376705.4691263756,1306654.8377181198,1390053.1465592543,1291846.423649351,1011942.4022085866,1401556.1177391766,1076908.882625293,1271288.6070083382,1296601.9013149443,1327360.925302514,1403993.471436614
2020-05-06,1787051.6319518366,1406835.9531266694,1307185.2366877983,1404118.2005213923,1315885.706042555,1017448.7500247004,1411456.7868457052,1075247.111600666,1272980.719546374,1301126.8126246464,1333062.203109364,1412520.6435649113
2020-05-07,1822307.9973651203,1423885.6757793904,1324104.53299081,1409981.3237710046,1331922.5987225485,1020711.0288792285,1431086.817091724,1069983.9784112524,1298805.553181558,1320161.957815386,1353288.502859923,1430917.4240515628
2020-05-08,1828170.3566433324,1430274.0206852462,1348648.2719523471,1427686.521745833,1329064.7844036429,1043114.5952963175,1456552.7448222325,1098147.6185569102,1301709.717474023,1324737.4689739845,1359074.6460463724,1449542.191478017
2020-05-11,1781986.9803196555,1396656.333685539,1317538.029894256,1400353.417254217,1299547.9896804201,1034183.4914341368,1416319.0042254876,1095463.3841816057,1273760.6409515508,1298671.1595271493,1331655.4264123375,1461894.3242920008
2020-05-12,1767407.1698365768,1389389.3669017141,1294511.7939778173,1395659.4921657243,1270226.5978649892,1031282.2328141158,1388785.4431613158,1096679.354200769,1261995.7512038965,1287312.2911069738,1317328.9130700578,1432579.1955239025
2020-05-13,1803467.566468237,1406447.3759333934,1317647.416805581,1406281.5825323015,1284794.8406960312,1036614.4443702596,1403922.7826889004,1099698.5860226601,1274163.353760247,1301105.231829415,1331060.6960446155,1414913.3549836485
2020-05-14,1797934.8125153352,1417143.7116324226,1324614.1461969637,1425590.2828647417,1288190.0727740168,1060877.2496535918,1426706.4521710118,1131032.6250231084,1284605.160676492,1320031.7322290004,1350004.4834735852,1429744.6346689684
2020-05-15,1839151.611694375,1446435.9285846532,1346939.0006495968,1449311.7512030064,1329819.9327808444,1089567.886184836,1449910.1194779973,1162871.3550600018,1312961.1452838448,1341397.1849771095,1371366.150678884,1438897.4275243336
2020-05-18,1854868.9527361614,1442069.45740201,1345179.3837718456,1445135.38125917,1328515.8136976294,1083165.1384955456,1448867.8870432973,1157743.2459448692,1311315.7091786312,1346641.383790505,1378367.211340271,1467083.8290322102
2020-05-19,1896193.642698482,1460419.7190386653,1367104.1276140616,1456461.6507405394,1355069.6210850838,1121116.9814716154,1464937.252120334,1203245.052017258,1321793.3489828992,1355525.4548156785,1389022.694456361,1461834.6024606314
2020-05-20,1869604.4564867462,1437840.9351851814,1333141.526561853,1428362.6167678372,1343840.0943582605,1099711.8293888015,1457769.925312157,1177778.962203551,1294386.391359607,1335081.62677231,1368953.1796393231,1491151.266494318
2020-05-21,1902808.3812969534,1447940.6627455133,1347181.5170705123,1421614.3820356014,1353567.3324958489,1111505.9948536896,1465342.7616707843,1192465.049018888,1294316.9150923726,1335125.2166351147,1370952.7621609203,1474325.0627040847
2020-05-22,1896693.818991162,1436139.6498934939,1341171.3941746335,1403756.2551335462,1366757.9677088072,1108193.923540252,1446202.9421396342,1193800.2824698235,1288570.553489567,1325484.1630124056,1361347.3896501106,1479984.665767308
2020-05-26,1894103.0025165193,1448505.527494919,1355458.051437047,1430036.5985725187,1398867.1516066885,1128960.0456753098,1484505.2341521336,1223749.4086776807,1314240.181159499,1344334.4079184723,1378731.9972244615,1476210.0617929045
2020-05-27,1905591.1493391483,1449806.891461727,1357689.3538324242,1431328.7885586296,1408168.7376446868,1143761.9611567084,1483916.0295498574,1247557.2881702725,1308581.4217810584,1346722.113400382,1383088.284718892,1484395.9443810123
2020-05-28,1941991.592756147,1476552.5749229656,1375066.291949812,1446881.6306418197,1414650.629787008,1132169.7595744804,1512372.4809973973,1223296.6989561457,1335169.0534332008,1370145.8331743963,1408210.5893518021,1480412.2372335372
2020-05-29,1933377.9662826483,1476922.8024748832,1370519.4766087134,1451769.518927275,1418244.7312750188,1140738.4268750008,1517187.6306137943,1230049.7576015003,1346105.1910164633,1384954.4371067872,1422539.5614870782,1502236.34461861
2020-06-01,1954032.2151047445,1493401.1980099347,1376791.9082120287,1457787.208697077,1432041.776017885,1146719.1762300453,1514838.4665332355,1233719.5421451011,1355186.721565708,1391237.8923463963,1429379.4692604502,1509052.9238288726
2020-06-02,1964372.7138320021,1501502.8588727065,1373496.791273654,1449109.8819695003,1454461.91652002,1136403.2740004258,1516445.0896155536,1216756.3377392492,1364994.6184399968,1402540.316086327,1438815.0180586795,1518237.1896287897
2020-06-03,1940094.3355199858,1484153.92441468,1365957.573838198,1438781.3832935784,1449328.007167505,1131726.8927072568,1506495.4358767618,1216102.463449369,1357282.075500582,1383853.3410196642,1420065.8956626416,1525685.9912081482
2020-06-04,1995249.478758659,1514469.244188203,1392882.1937789335,1448150.6753685854,1471080.5528063544,1140172.3659193008,1518737.5759427089,1209403.5399726778,1380019.859699244,1411201.9376525097,1450442.503496358,1513890.392169777
2020-06-05,1995082.9456560866,1514918.513014436,1403540.8508250297,1457031.6224986617,1492125.1952251561,1166063.5409271712,1530849.1759589838,1224904.6029357468,1384676.8985882967,1422552.4845643311,1462148.015812329,1544504.0485721186
2020-06-08,2001787.4894652064,1514845.470209557,1393666.2348774623,1457628.1610079026,1474351.733977061,1154220.590395257,1526074.8853063842,1221714.2023655798,1384300.986671795,1430000.900876583,1469754.5351579248,1556629.7297118874
2020-06-09,2032259.480073495,1523568.4674731356,1400509.0657085553,1458515.3073919364,1471175.8941789381,1151756.5012351715,1536396.5150984258,1226582.649780587,1375439.5960798182,1432761.354821529,1472987.646717783,1566950.7061530834
2020-06-10,1937162.7813328616,1464065.8261497847,1329436.1354550335,1393591.15402892,1382903.2882638064,1080919.3328892658,1457340.9631013551,1153738.5280164985,1327824.926330496,1376161.4498428763,1409919.623184658,1586930.6525139743
2020-06-11,1987452.5711647286,1479404.1763557426,1334066.5615917936,1398060.414459813,1398710.7638169485,1098023.2479067205,1480317.1381636485,1168265.7284921287,1330185.708295245,1380870.2838264639,1416852.5094218235,1507416.4842387333
2020-06-12,2026135.1486688422,1504971.204633787,1346836.385459839,1420342.419716008,1410742.75222527,1116327.1077693542,1488729.8326574594,1190243.3911229367,1346627.4272230468,1400746.1101209687,1437993.711404288,1519254.4566073304
2020-06-15,2068015.7271148548,1536598.4717517588,1369415.3211818151,1449369.1754733473,1443103.2078066696,1142049.2156970024,1515937.5791242828,1212493.690469945,1372970.2726818344,1435699.9101680226,1476329.0248846074,1537036.5167525879
2020-06-16,2060519.4604568498,1541084.9645243958,1379759.3743960024,1458466.1401976952,1444282.3745860069,1145703.1148356681,1519148.9233425471,1228764.5301895118,1361026.6690489072,1442870.4635094034,1479257.952856258,1564152.3775660237
2020-06-17,2058683.8914429664,1526553.5646613545,1364966.0841134193,1467045.4778417933,1458432.8498568574,1149866.1263039666,1530844.4319395302,1235141.1311047866,1374760.0070374454,1451995.7321855593,1490468.792804605,1569357.6955417884
2020-06-18,2080829.0161819549,1548375.2909168534,1382792.0948424602,1478785.5488195275,1442390.9637081102,1164201.9355735031,1548359.4962177635,1250441.8847757508,1378619.6080732758,1455445.338139231,1492481.8478806433,1574006.3262153815
2020-06-19,2120431.336059169,1565745.1155270962,1378158.7429379628,1473333.959124932,1443733.2363990073,1150500.5774335007,1553521.272931793,1229819.264829006,1390433.677945602,1478873.289216631,1515631.5849665364,1573470.2114720878
2020-06-22,2118651.9678115994,1567086.2979801192,1387687.0517731826,1479532.4462722444,1453690.909778454,1165215.7364142074,1561048.2503600745,1249195.9691760114,1389927.347015286,1477744.5658199736,1516095.8933071145,1592601.3094894304
2020-06-23,2070564.9796656799,1528183.7404584326,1352196.400244976,1450471.9148395192,1409906.1286995236,1132352.295890181,1524218.134681246,1221256.4131939497,1356292.6826207277,1438419.9045813836,1474505.5702669164,1605098.064321794
2020-06-24,2098109.9481283994,1545997.060679096,1365383.8653611764,1469298.9630729384,1427494.4722310437,1153259.1963854176,1548004.4297078804,1244278.609969043,1368814.8962468642,1457382.4891330795,1493602.4526817454,1572536.462941529
2020-06-25,2076272.9516066632,1515440.1309206523,1343221.9151283957,1437415.9822163065,1403937.7419811033,1128297.8532384401,1513444.8662050087,1222032.694627662,1334160.5932093237,1423340.227595172,1461559.6261662159,1588120.790397712
2020-06-26,2094380.563877324,1532301.6728151657,1349616.3594893487,1450189.1094222122,1421491.531778911,1137613.119041752,1527504.8063706404,1231543.6579803952,1351251.404615571,1434214.4046429428,1470995.6697427854,1548429.7226803713
2020-06-29,2118558.1346649667,1554430.1966760799,1382939.4686242146,1477754.9377819442,1444475.4308301806,1158789.4187685912,1557051.1285449825,1257932.113093158,1373398.577527646,1458722.0215791948,1497179.0027653852,1566005.9037102917
2020-06-30,2116085.2132265354,1566591.3008787096,1384242.3708671608,1495755.3278889435,1455261.4734407624,1152194.8806561364,1558559.298790028,1254600.2054797832,1394384.67670976,1493274.951445292,1529941.7213688327,1596770.4767199236
2020-07-01,2133463.626621519,1570342.6093657804,1390698.9811516711,1500339.6402338769,1459695.3251225608,1166903.513460593,1571056.9905036713,1267613.919100895,1394538.458255456,1491319.6882430818,1526530.037444401,1616013.1885455062
2020-07-02,2162891.869154178,1597874.725538311,1412422.887172802,1531371.5660206894,1487000.7156729451,1188299.93034285,1595244.2867412467,1291021.2218352794,1417588.8038693184,1523885.260130269,1558324.8549759623,1625860.8426059538
2020-07-06,2165273.413017012,1595018.3407200195,1399354.6325539965,1513797.467533191,1470664.2512995081,1167264.804811071,1601158.5189141359,1268260.184338044,1415477.6463947662,1513845.0918374683,1545996.2463811045,1667076.8896317526
2020-07-07,2188334.422887365,1614884.2806573652,1418007.0640227871,1522743.5340124406,1488591.869465516,1168109.9414245635,1606827.7928449758,1265083.4331694655,1425645.7027956848,1530614.7408959018,1567316.6093604104,1654492.1640812026
2020-07-08,2195515.806074517,1620026.0629911528,1421141.6476695049,1533111.7992236738,1486641.603518736,1168227.82418343,1599135.8306227154,1274321.8174837418,1429113.035769223,1540740.3678418533,1575582.571904617,1676924.6972187588
2020-07-09,2212713.647428644,1650228.826761284,1420814.4844112447,1545834.7418748294,1494225.5765204849,1168621.7855466648,1612329.1617822265,1269162.7740236814,1456695.0063204344,1580354.5874923554,1607656.7147130123,1690741.9339832729
2020-07-10,2137940.0346097318,1605566.8801584363,1385884.64373746,1525025.1175324651,1452685.279161777,1153643.4474906002,1566181.4078119507,1263401.248951655,1416028.0699585853,1527867.8913504954,1550038.094269727,1703592.4140070877
2020-07-13,2147203.3685931102,1614914.460467115,1403697.9235983458,1550730.207129334,1461861.3069332598,1175996.7905737995,1588714.8140100185,1285877.0289594764,1438713.1579083567,1540015.2012280258,1562444.1630844593,1666786.110329405
2020-07-14,2155087.913394222,1622948.8062322433,1415310.3672754262,1568714.8528917204,1480427.72195174,1190695.2420879416,1615978.3366408846,1304289.9108039944,1452619.3505732573,1544074.7040191623,1566685.7810610011,1680512.1523179978
2020-07-15,2134471.180915734,1614858.3074612787,1406576.683531301,1556382.5579623443,1467253.9952146516,1174601.0472732084,1603906.5515040096,1286016.5401694013,1449443.0168831889,1541254.8942292398,1562837.9525531514,1682423.865028047
2020-07-16,2156448.8885208755,1607923.7568082344,1421715.454351654,1571900.655319048,1474503.423314661,1190415.9517731618,1616224.9013262286,1308046.330714838,1435628.780631951,1518999.271830654,1545805.1272959039,1670598.4818372708
2020-07-17,2232625.4271562197,1648155.533676121,1444916.8609910794,1618993.986842828,1505180.120712037,1226482.5645072765,1655614.8655486978,1355476.8058647392,1457307.388487409,1557007.3660030344,1586984.4389247242,1673547.727031621
2020-07-20,2220149.8274858138,1634715.7456230707,1436613.9416471138,1592827.6302202675,1488231.204004869,1212137.4472140456,1631447.7171681721,1329815.1472987179,1443884.3547467508,1537741.8425678115,1565509.146952721,1721789.6099673128
2020-07-21,2234905.9756068853,1635660.3045337573,1440450.5917910184,1598316.902708949,1489962.9127817561,1216878.4318290164,1639906.3130030145,1334650.692166752,1452120.991444582,1541517.2119222328,1569851.1100641175,1703079.9423538477
2020-07-22,2179085.7473903764,1605699.1223431383,1422499.43432649,1576866.5592905504,1466864.721225721,1197547.2604197157,1615712.4688787302,1315404.8434736745,1433564.2432381022,1512943.6710783204,1541852.3450399523,1709003.6110981891
2020-07-23,2173172.826635913,1598493.3476304177,1410009.1484834822,1559286.699768728,1456728.678458142,1182882.2629102634,1596576.2538261542,1301669.003769891,1423159.534053488,1502753.408575874,1530558.338145073,1663387.1858443602
2020-07-24,2270308.3583780196,1664225.3732637782,1445755.484996689,1594531.0927082887,1474375.3997270842,1208316.652576727,1627823.036947635,1335664.5627762817,1460940.6189114486,1538292.4871319293,1566415.9621704705,1648065.3888037074
2020-07-27,2219916.163881832,1631974.234497866,1426686.9936706212,1568564.9119832767,1462227.0324131509,1186259.1365963756,1601918.6831073903,1311651.4842403273,1441108.3020825142,1519488.1922510013,1545578.334121722,1678132.030077081
2020-07-28,2296838.1442051823,1661134.7462074324,1484339.539481306,1577521.8368094834,1471871.6756222625,1195515.1914845377,1624042.5726527588,1314928.9503386419,1453561.2508521844,1539373.48092846,1569484.6644917727,1655826.9239833204
2020-07-29,2322339.9616786614,1666895.4761155567,1487326.6191766458,1576641.56436758,1458959.6096937046,1189902.09144456,1627718.0917131996,1307943.1269371288,1459271.9714138731,1548168.1879029893,1576352.4699392929,1676339.914556329
2020-07-30,2356309.715589065,1679697.7249711815,1498645.434864072,1584381.6758806412,1462654.5771929312,1199609.514091922,1618530.199550382,1314305.2755535103,1458710.192390671,1554439.1663653285,1584563.9966776117,1684598.1081536268
2020-07-31,2412085.0087464713,1715682.144338452,1510259.0146118002,1628537.1698970352,1477521.871773692,1234804.0020402255,1635049.3728252081,1359293.371250012,1466398.0790748184,1567697.7388596681,1596915.6665895835,1714526.4219975309
2020-08-03,2434900.4989910633,1725865.5273502106,1510706.7188589694,1632554.5013727741,1487772.5159149677,1230635.2414098652,1637676.8226089217,1349883.5894430755,1492789.721700087,1581693.049913089,1610315.7622023963,1737982.3631759793
2020-08-04,2493724.2524284213,1743334.8455604604,1521886.1571289098,1653124.8453908053,1495255.8173617185,1247088.4875306545,1646161.0210432785,1370430.974204223,1491707.3974502396,1573634.2505355792,1610658.688663622,1744500.3332293958
2020-08-05,2493941.5832378236,1748129.1987385848,1520434.5759600666,1648089.2723364606,1503289.5893725634,1246470.3375599748,1650632.3834217065,1368836.4465529893,1487368.497043404,1582705.3961162465,1617959.9861021247,1749043.798210218
2020-08-06,2470923.5104666925,1743948.7138361975,1523230.9019059143,1549676.2132980092,1475419.5971275235,1165154.4021803034,1643591.065589498,1244952.4054786898,1481916.0135989524,1557457.8495309262,1590466.1177636422,1771311.1367705166
2020-08-07,2410570.283822806,1706736.7263889278,1512810.5428515174,1542773.2360443408,1484890.092686825,1167512.0819149206,1638201.5019463,1240333.399281071,1472077.589702726,1543684.2664557197,1576943.3523842916,1751236.77157597
2020-08-10,2356620.9647724177,1669721.5749173467,1471088.3953748068,1499496.7393051425,1464949.666781814,1136926.294047598,1615133.692578234,1202905.668869306,1444968.6078407639,1512253.964091066,1544715.36802226,1742712.8235054074
2020-08-11,2407670.997168445,1694806.2741873383,1498959.1084749075,1522989.5732037544,1483572.1688692188,1153260.3599357496,1649912.9492401655,1215707.9532508783,1478174.6206051297,1544043.4166605629,1574667.8015882778,1709841.5590560634
2020-08-12,2455949.9667439368,1714318.8433493394,1508174.851040589,1548033.0873255657,1495039.281826387,1173117.2049886428,1647696.0429018599,1241982.0038708912,1485359.7191842997,1558830.7913989446,1593758.7650748098,1754118.4650844526
2020-08-13,2453364.8785761218,1714866.0125772483,1499706.0179624,1534177.7959691924,1484992.8045608771,1163585.1989714094,1643888.7563108304,1225044.217925826,1480380.3082795998,1556403.3049294003,1587923.3464324677,1757364.9376966197
2020-08-14,2497122.3712767586,1735967.9680319447,1507694.7328613345,1551783.9044776978,1497358.9303960435,1179597.7582798726,1667683.6312957278,1243407.5051723637,1491420.9197612163,1573558.3122183962,1604480.3090958383,1755176.570127631
2020-08-17,2512737.8809717004,1748524.9060135568,1509330.778065959,1561812.7507607273,1512801.7910405002,1182104.2864055557,1670449.305211038,1250484.769033691,1493208.764062147,1594131.5398099008,1626203.169371119,1774689.6422232427
2020-08-18,2510708.655934566,1736746.0045748008,1493835.334748892,1553592.6132154202,1505766.8181536128,1173041.5091891855,1662526.4101141503,1241804.9025291614,1488373.6529688297,1583645.3745701215,1614663.1912780895,1792055.1848145039
2020-08-19,2520166.1943450402,1747057.367146028,1498792.9879942099,1556712.1104754868,1512899.2883161982,1172321.2230651337,1670528.9992707218,1245921.0494975538,1483867.0392395156,1605091.6228914037,1638362.5196496248,1779416.8784949363
2020-08-20,2517143.5840517487,1735089.181040864,1490408.9141358898,1550837.3922028907,1508346.9759672072,1170979.8107415074,1665665.2368181283,1244387.1293860474,1473338.8536110935,1598909.8202840583,1629961.3276735714,1804320.72864933
2020-08-21,2537710.4131607506,1741770.4985789526,1500976.3410711307,1545758.7586465455,1517398.2731094982,1167243.0776114098,1668100.4681377434,1234801.2068599083,1476136.3555219304,1603519.919747078,1637378.9653044974,1816600.5504541239
2020-08-24,2556562.8681199322,1755413.8592195122,1510643.8011147324,1554784.2783943687,1530503.1717040576,1174139.8902556726,1681466.0201249132,1242357.0410865245,1492266.1661781424,1612073.609644458,1646711.921157044,1827764.0806499578
2020-08-25,2561233.533185988,1791142.6145810308,1511203.4842491834,1565704.4278384487,1561637.9368770714,1179367.4103321198,1710203.8853570898,1252256.0448396597,1526983.8253972763,1678224.7356440825,1706340.1158252894,1842799.7041850267
2020-08-26,2535759.301074589,1767515.3153815658,1506246.976012109,1555133.848131892,1571313.543919015,1171620.5662355484,1710959.6703415145,1244026.5905976559,1513777.685901333,1652967.6512004102,1682156.4116001485,1882123.075794066
2020-08-27,2537048.6318522,1764358.1005941026,1517654.297310838,1569039.4597806178,1622285.466919452,1179180.8589609382,1732983.7888857431,1253408.013778274,1519143.1768767776,1666765.2490963398,1704787.519219132,1874925.904244564
2020-08-28,2544038.3885803134,1766764.8787333886,1524443.5599534975,1577265.9781303832,1607274.592634551,1188030.0893220103,1736064.1722855489,1264035.8624308566,1525269.416958301,1678244.3777250235,1710066.4037009347,1885881.8665329143
2020-08-31,2602249.5063229394,1799676.7285704922,1525061.5614481238,1561377.51454936,1612185.5489946315,1176258.8291425016,1742210.3273650547,1242064.456172074,1542520.8657326868,1715271.5149345647,1749697.8616787645,1903937.6645324938
2020-09-01,2599185.8336289707,1812710.6856412652,1550958.8047049982,1610984.6732466433,1627969.417110361,1204644.7952041132,1760665.053635877,1291757.9571614377,1555222.8801920505,1722649.9687434153,1759994.2817655718,1932575.2805966535
2020-09-02,2411183.7335237213,1712254.2688111037,1485357.4246699072,1535621.1060209447,1568266.537441559,1144743.909760065,1688345.8456630234,1228617.3919787384,1484625.5881051102,1643942.560699099,1674424.9414624614,1952647.9569990532
2020-09-03,2392341.1525482126,1699933.5225325685,1462597.194099338,1517039.7292053835,1555208.6575758616,1132129.9983402656,1672024.7999158725,1216434.8592462773,1472730.271747793,1618767.2854739232,1644064.6147875283,1850591.1770436035
2020-09-04,2278964.7404946014,1639694.588650145,1412150.0746415951,1493845.1751969235,1510651.555191749,1104906.2864850573,1622438.9545166644,1202765.6071002726,1436120.0797781167,1562446.8021992831,1587727.3364295044,1827128.9412762448
2020-09-08,2342969.859446321,1664029.201755616,1438894.987128378,1526419.859486115,1534202.126922763,1125716.8957674468,1653400.9443728398,1226877.597576738,1457689.832561017,1585563.3596278916,1614381.011566229,1740054.3576134052
2020-09-09,2298969.2712805867,1630447.8625217546,1417498.9220450635,1514916.4637443519,1510122.8885698018,1109881.6824945505,1619767.1565057002,1219800.9467216409,1420547.756359544,1549787.2448125405,1578102.1533308655,1791555.148812526
2020-09-10,2282774.14006527,1631404.040964247,1415853.0830616334,1520911.9935226613,1505795.1212859673,1115620.7527212177,1622488.520255202,1229475.8407359908,1418322.8296706572,1549389.1071974505,1575871.1274348036,1753552.5661887538
2020-09-11,2318000.996030545,1645895.5524288346,1450747.9890878052,1545992.733727792,1534033.9303941133,1136552.647213376,1663970.5009281035,1244589.90102159,1441660.5369805268,1567449.196663292,1594262.8365213582,1743063.478165683
2020-09-14,2328118.3800892252,1663510.8886075236,1470552.7507719228,1556191.1620229024,1542735.4982586072,1135756.562586062,1664890.220916209,1242811.137253381,1458707.864954643,1601910.5792238815,1627573.6227849957,1772990.1032174407
2020-09-15,2285238.272718876,1631054.208207237,1445136.0773729105,1484981.321073558,1525446.743487463,1083506.2150784025,1660347.9277259463,1157914.6087254148,1445999.2683249807,1575672.0408590864,1601305.254146828,1798318.4543068882
2020-09-16,2248187.178092576,1598864.8082781152,1421301.4870336086,1414207.6420328978,1495740.2142183299,1036681.8302037084,1650836.6599580953,1086689.1619045816,1416724.0272113397,1550612.9141751376,1575275.4924416794,1768248.5889757797
2020-09-17,2246370.1762779276,1596324.858167654,1411873.1424712604,1407919.5795113044,1473456.5354739386,1024980.8836031735,1623039.0662996697,1076057.6114075084,1408477.1866227016,1542195.1756216167,1565276.1938199908,1742049.4352448771
2020-09-18,2275304.6125732255,1593263.4566286234,1392617.4282830707,1343473.411690919,1442863.662455335,975633.6182001068,1614175.7473259089,1002835.4765795073,1414176.64819654,1553321.2180314998,1578238.3651190954,1719415.7823153064
2020-09-21,2335708.079252358,1630107.546160357,1411822.2996706807,1356230.4190090895,1472368.4309050415,977084.7839654848,1638231.6943471804,1003337.9444491278,1424287.08256445,1567517.4296534967,1595874.8054953453,1726213.4777588379
2020-09-22,2265984.874288412,1589442.6989112636,1391420.9043748872,1348283.6878106557,1440369.8437561882,969870.3579221362,1605883.2179608308,1008588.9409663085,1386387.6526441036,1516915.2027087451,1545307.5548046003,1758622.6272662247
2020-09-23,2283601.301032582,1599922.018971559,1398621.7284741777,1378528.1957459897,1451943.8251059302,995106.8213207965,1610184.805684575,1046465.2606287425,1386467.2502202806,1517981.212612856,1545552.7684716831,1703120.7804184859
2020-09-24,2345714.949089603,1632331.881283987,1427777.3680867257,1421444.6137276404,1485344.783680417,1029510.5105705637,1642806.6692735555,1089300.7806519377,1414453.7217181867,1548617.9038974287,1579305.3426340905,1713047.0400770335
2020-09-25,2401732.6259078654,1673601.803143687,1459724.2747482164,1452486.9759675546,1522632.2765378996,1051953.4234209014,1675037.7189566065,1110740.8075979014,1449337.7525178255,1581021.3897640659,1613187.2174267678,1753082.4678657397
2020-09-28,2394346.519413417,1668980.36220667,1458564.955123035,1455091.4504657763,1515290.4601739568,1050292.0497286045,1678739.9621576662,1110022.8723227961,1449464.661516807,1579228.1196151387,1613315.5827191072,1786618.8093677608
2020-09-29,2402592.8959527346,1677797.0934368065,1459430.738160509,1462607.0069188871,1511165.081849104,1057583.7006011542,1680635.3642684133,1120097.099090759,1465578.6606403727,1586825.224756351,1616800.8415050614,1780094.544725434
2020-09-30,2455437.4826200004,1725552.581916631,1480395.6967745863,1481786.2048128126,1536577.5953439863,1061297.1326781425,1707449.2237782478,1124676.6364305324,1519890.6696487397,1630485.224698894,1659815.060003265,1795046.80333908
2020-10-01,2394546.9046782325,1677371.7996679537,1451048.348470154,1462125.3835610647,1513698.3648130628,1052178.044493912,1672391.7812200643,1115765.4678644964,1492139.4991008805,1582361.6789641427,1612513.639597626,1821008.7585366524
2020-10-02,2443616.0637938273,1714418.348850068,1480019.6684287547,1501327.1739293747,1542882.3991776102,1077353.1941787137,1714790.9724032022,1143024.986248538,1534853.0979892674,1614501.6665706488,1645911.1210751883,1769520.5565153523
2020-10-05,2425449.860184649,1692888.122112454,1460680.8776305567,1492537.9582605134,1527802.9246605835,1066710.8834521724,1688887.5682390977,1141134.7996223436,1513434.19479406,1582539.2015083006,1615718.7674783643,1809353.0221933387
2020-10-06,2506016.3651072276,1750355.5216028302,1487662.3206475333,1529273.3470931398,1569110.7574408064,1088075.1597430755,1739127.3864724918,1165587.7577395102,1573265.6678718845,1628777.7704223457,1665056.596102548,1775113.9896317373
2020-10-07,2522360.817856378,1769616.633479289,1497975.8893038174,1556807.5837122477,1583694.6729765397,1111584.068796613,1748504.6364175158,1195437.5169635215,1580593.9320084346,1634554.8885653205,1669329.7689121568,1808430.3275750126
2020-10-08,2570483.7717224085,1804128.3635925988,1506264.9356372864,1580161.574487945,1603675.7166500562,1125231.8807875041,1752498.7767225376,1213629.627555207,1598060.005004922,1652299.741644248,1687456.9465161522,1815937.1621935936
2020-10-09,2617866.2536019604,1827689.1384004857,1535850.8830143807,1625038.3544293868,1636591.8065773284,1161864.5943382552,1771333.5284885527,1259410.871475363,1602578.0581186009,1673953.7333462965,1708985.2573051895,1843434.8435587396
2020-10-12,2659707.8755018837,1852234.018622138,1538154.4450734812,1610730.0842705702,1626480.719047154,1144035.8410834365,1775192.6853024866,1236746.735674582,1617904.4090221934,1693460.2032727639,1728830.7661492552,1900386.2881745708
2020-10-13,2623421.6759577203,1819119.2997607198,1519693.270281864,1567921.677566647,1604915.93188236,1114515.838312487,1760848.7444916533,1192735.0830923212,1609959.513412578,1676619.2327245632,1715034.1285466016,1899609.5973136537
2020-10-14,2632804.910002712,1817939.9281043382,1503905.6039364533,1551778.7078868514,1595102.3865911248,1085776.1455333473,1666299.7367050156,1174337.6919309178,1613094.400509182,1678305.0362918735,1720096.229840542,1884232.8377649542
2020-10-15,2642661.3821368683,1816470.3129181883,1499503.2345882186,1554519.6529431096,1598574.2605426952,1084730.6906922623,1675622.125422583,1180144.528992638,1609029.395027135,1671494.8305979867,1720204.0866033158,1870588.4719056375
2020-10-16,2634182.2764155776,1802848.5652063738,1462068.6445994468,1532140.5226890326,1572734.0432354175,1065210.8476644093,1670907.4184324678,1161317.242666182,1603091.759058744,1656805.4825415812,1707294.3144822028,1863293.8109913042
2020-10-19,2684753.9797129133,1819263.1172868512,1454759.6043328643,1527290.4433956486,1576730.1760859317,1064429.5221121744,1659708.9369833812,1160127.03826932,1608634.2325087362,1650423.5417659413,1700442.7583910096,1829050.0191063804
2020-10-20,2625442.1531897006,1777249.5109465593,1447973.8047359688,1503774.9318937291,1574282.65082418,1054631.323545436,1647653.6081466642,1151516.2413717823,1550510.9283242929,1611876.7203732128,1661334.17356849,1835887.1708755204
2020-10-21,2637871.304678649,1773223.8943486116,1448855.0509557077,1523479.2906838385,1588090.5638380619,1072511.0270525778,1648500.9279829909,1174674.9597413514,1557610.5943871243,1601665.7201224107,1650749.0936822188,1833926.790246335
2020-10-22,2654413.747659575,1787062.3579795784,1448444.6763123246,1514352.3087613955,1593062.5198646688,1069046.6734990436,1660818.172358361,1167398.753996149,1560715.4829665388,1611416.6395664767,1662337.485717272,1833540.0568447437
2020-10-23,2612093.1128002647,1755776.087870721,1431780.6565481909,1492841.6246067814,1545025.7358398,1049792.650787738,1619404.3672444252,1151498.8285677885,1540494.4713190112,1587421.1886329465,1635145.3914982325,1838202.9654883044
2020-10-26,2604149.175339743,1753570.0596785794,1426629.595236685,1495982.4955235955,1550008.7418663716,1054463.5425806802,1622587.7875252815,1160060.963125668,1528014.7556591711,1588859.4632126272,1637701.2130777787,1808639.2772215253
2020-10-27,2555139.5502683995,1721418.9388029608,1373410.2989098122,1452712.944862385,1516954.719894622,1012424.3544416178,1579319.132365176,1117131.0515034366,1507439.4422951497,1545218.7176727501,1590442.3788900732,1823484.8348768128
2020-10-28,2605813.276069917,1757936.4916511902,1398316.8426749893,1473118.5311208053,1553672.687556651,1032392.3020346863,1597142.832776651,1136739.1247266962,1518141.6343837935,1574275.2547056957,1622686.8519991946,1751766.5917303534
2020-10-29,2489120.952801187,1695376.457021139,1380337.0839916412,1420066.561092671,1517745.7750317203,982523.1406904826,1577309.4117229916,1070110.1121979733,1481182.8849567443,1530021.6872664217,1574488.511343542,1784463.4500089122
2020-10-30,2511174.958047021,1702724.394381609,1396698.538268297,1422105.667906429,1516386.9684310746,990572.1222112909,1595273.2330492355,1071667.9410084176,1510054.339505807,1547874.564912496,1596210.2642349685,1737647.521751259
2020-11-02,2555745.568115242,1726133.6318762854,1421361.5837189246,1439857.3952755677,1545687.6061715945,1007936.1145691928,1628601.9349450185,1087024.661864177,1530681.3132846497,1577724.2912396302,1627633.7096665595,1742648.3423507158
2020-11-03,2695110.9052731977,1870773.2162062812,1573952.4341887513,1509385.0208278024,1593841.8358278007,1042850.0527821722,1651087.9072554945,1138106.8483609322,1560473.594004159,1609971.8722695387,1653191.4220329488,1773328.1686998957
2020-11-04,2855809.36363369,1928920.1009097598,1557506.4201450215,1540660.7025925433,1634906.981652585,1053437.345283356,1696908.268540431,1145384.8838373725,1627642.442859031,1650810.9105599292,1701121.151328995,1851479.3281862019
2020-11-05,2907614.254477575,1956263.9818869464,1549240.9722815056,1535475.0329710557,1649147.3959829276,1044855.44536522,1697738.5309071029,1136119.4376898748,1632833.0999988203,1654172.8287124475,1705739.3626305053,1898807.881623654
2020-11-06,2739995.3673915034,1789758.4459296765,1452102.8574879305,1506508.8882507582,1673833.6675349092,1066661.7124556801,1691471.896731276,1125747.958831614,1597308.3508496112,1614343.6362094504,1676682.623340709,1900895.535770076
2020-11-09,2621331.9179766322,1740207.8141114903,1433033.0494241924,1488965.592428434,1647820.5583286744,1057853.670198742,1653666.7283027733,1113939.9076626722,1580807.186053961,1597253.3334790086,1645557.8275194112,1859869.7081506175
2020-11-10,2738485.3252934306,1802174.3159410418,1456993.7039430446,1514371.1050036033,1669873.3839976068,1062788.0082527546,1681276.7003153113,1121507.7260689884,1638695.3764364216,1626228.4411816034,1673145.5208527332,1827468.5420242876
2020-11-11,2713060.0741835646,1787550.1238541568,1451474.6887211031,1511981.728030107,1659245.874728655,1062026.4217007684,1670777.3949228844,1125276.2121634008,1613584.8559599698,1611517.9439998344,1659464.074014591,1869701.7025020684
2020-11-12,2731201.575104723,1803540.794147313,1478506.827260876,1534462.3920465584,1682985.1214229004,1082817.5533541418,1700660.7711218914,1142206.2129395935,1623506.1584793313,1625178.973782691,1675941.4869752896,1859358.7717629655
2020-11-13,2735546.1153336577,1801608.1904670033,1478873.0104392525,1509593.4696850667,1701636.8993385772,1074196.2117108244,1708104.4644039648,1112058.8499764723,1638876.3092816975,1624874.1627424068,1676769.9817717234,1876762.081887689
2020-11-16,2740916.633243181,1804379.708550061,1474191.8434923613,1516078.742976673,1697338.2491419942,1081508.387671522,1710454.6181254701,1114518.4142071388,1644564.4779644674,1628715.8036802553,1683359.1158443997,1888637.821789748
2020-11-17,2741431.185499758,1800152.4590837036,1445891.1170613605,1506853.8352979862,1671757.1474887014,1071604.248385475,1691905.1170578012,1103974.305721726,1640023.9730904205,1628264.030430506,1678933.1675877494,1882995.5672276681
2020-11-18,2806468.9888723902,1837148.8495649432,1467154.7928128147,1528586.6148573693,1696578.6396251048,1084867.7602546606,1701291.8711459576,1117445.5838718768,1661371.2325453376,1645494.5313772033,1699685.324011556,1869981.581418742
2020-11-19,2836618.0770307947,1856588.2905137483,1465037.5414142788,1533615.4939819302,1654414.3352017237,1088191.9625437972,1683692.9402920578,1121756.4980489798,1662284.535938295,1636802.5041221427,1683043.0179229833,1884243.7381506283
2020-11-20,2873696.8379114703,1872218.1885027695,1470178.1567185295,1540704.982207165,1668446.2927234848,1101101.620237735,1698793.0510296552,1123943.0978474263,1680552.8613387328,1634278.7656065584,1684454.6282544148,1871825.7424429238
2020-11-23,2872304.463153761,1878334.211359374,1466721.3829536822,1558420.480420189,1699514.419192922,1120310.3790198013,1708576.0141884633,1135983.292835302,1693232.6786081926,1658119.8970705308,1704328.1499245805,1871747.1368448236
2020-11-24,2912102.6018374865,1895887.7129387537,1470339.385375793,1557090.7098444751,1697775.170434643,1113390.0739415246,1708778.0833847218,1132374.9118138712,1700212.0404276792,1673438.6816433184,1727547.8409503913,1899081.3124248583
2020-11-25,2953863.0986238117,1925832.4372072741,1487145.2384228015,1592219.1112403835,1725164.710891008,1135314.8091526648,1732656.538485332,1170510.9650765003,1715778.8904194515,1686481.2794310213,1742814.3153540331,1910464.9997059966
2020-11-27,3000841.7751637534,1943224.6483935108,1502842.7007944372,1607504.9512709507,1727801.5287173032,1136872.3305262716,1732545.9463019404,1185486.091466865,1699017.1569758435,1689063.9719426923,1749761.7255998044,1927127.8512376775
2020-11-30,2982589.081402514,1950094.9772952173,1508806.3761617849,1643592.6093076637,1749132.1261814917,1166640.8731497899,1737682.2334159692,1225546.8319506587,1696347.4371507303,1712182.8606769496,1765497.9339926376,1928717.3117008272
2020-12-01,2987697.8932576906,1951708.4940273496,1513185.578736719,1662614.461739669,1745505.0233396767,1179101.8214545723,1727323.9207120193,1244492.3770247384,1681049.596526299,1699959.8667938106,1753477.9239952553,1958117.340655936
2020-12-02,3017491.6878029476,1964635.6104621266,1515069.5117693178,1678359.7182387803,1753942.4615728424,1194352.235526221,1723740.72242212,1258778.1107629563,1679602.7334207622,1702573.9243616194,1754621.64424993,1958287.1410299574
2020-12-03,3031194.791577761,1978931.2999052336,1543747.8383598241,1702211.8571988551,1775967.227088687,1220977.4233638698,1728742.6715172622,1274436.3631853187,1698533.9584095483,1716460.4697094143,1767832.8121697567,1959972.4020657921
2020-12-04,3050668.9963890947,1995718.0840746865,1531230.1243916063,1684977.375052172,1775970.3042445863,1202615.1994951684,1739399.8402711353,1253802.7762627127,1713819.222103055,1743573.6863527903,1792038.308776562,1969617.401068637
2020-12-07,3097599.8758428604,2018226.328559107,1530677.197798198,1682918.5022438634,1784695.4198785191,1206817.3633649757,1752426.8169795899,1253536.4169297966,1727329.6771752555,1739557.6233192321,1795172.7539543207,1980306.0736181345
2020-12-08,2989420.2328515383,1953627.8804092873,1509848.469254651,1647620.782886525,1742965.8345305081,1192528.9714803083,1721164.8013696317,1234622.7820641478,1680649.9390938666,1698968.7104811592,1752668.1109405379,1986476.6130690097
2020-12-09,3043252.697819111,1980632.2237266472,1512777.0377327586,1672087.7794883032,1744178.0650701132,1211877.7340953806,1714150.6353172585,1252735.816102489,1696473.830228258,1710825.4359246711,1764773.931096388,1943859.7897208135
2020-12-10,3070964.36812505,1985328.4214381312,1510753.545141524,1671079.0706967418,1738656.6898345589,1209033.9575906522,1720932.8288146812,1247840.52535962,1723313.0657584995,1710630.4944245664,1766230.7334544496,1949692.4172157927
2020-12-11,3079446.5410348703,2007243.990916264,1522898.8548100833,1690654.4808354399,1745549.3267372616,1211423.1252703355,1730634.5805297783,1262418.6160896418,1750724.950098961,1741785.4724520755,1800542.410348153,1945553.0341377049
2020-12-14,3173988.8564578397,2040526.0086187776,1547809.9277050435,1720186.169372357,1766374.6579320757,1234506.2754454338,1759192.0059922389,1282658.361432002,1795338.102409707,1741416.6182019906,1804573.5066845487,1959198.9352626095
2020-12-15,3181768.6668175296,2043241.1753583986,1544973.2416988187,1724639.7947981248,1781748.0394565554,1237419.3817274754,1774740.3025318796,1284446.717425574,1807147.2523481962,1755994.6645287876,1823835.620731146,1980219.6381655356
2020-12-16,3199982.028490648,2064523.0053390465,1567755.3993356389,1749688.9394321449,1807674.632791978,1258329.9913415709,1790949.9550890876,1309542.1155148947,1820607.741220242,1781995.922661019,1852650.1741214471,1991576.6118254445
2020-12-17,3228179.7384644416,2084111.6858617922,1577470.5930953317,1760808.7622758115,1813413.3518840766,1267837.7894208366,1794185.1023074088,1321447.4590796707,1824261.163915813,1795452.6588025768,1870921.275062746,2004766.5390707436
2020-12-18,3209148.573770459,2064883.7828898276,1574444.2590147916,1758208.2293218677,1801595.025969113,1259330.2127606801,1787561.3671693217,1312380.0461828485,1830634.4932092915,1779703.7258106114,1856476.2812018,2002584.4660906657
2020-12-21,3258762.669054967,2079899.4275951243,1569255.873404703,1778549.1849281888,1828193.6145858602,1279216.7894115588,1799132.254761537,1336377.4295158545,1849337.3941058563,1784094.8556496284,1869574.7056830248,1995050.9178508553
2020-12-22,3190248.4244027054,2042516.8450033744,1573963.679703412,1771547.4137644502,1811744.555286495,1277592.8049441623,1792106.0898545554,1323681.9329933245,1856850.9792106345,1770804.995251456,1852588.7041805491,1999342.7528018213
2020-12-23,3217113.215131364,2052095.2780340905,1574706.362037137,1780784.5104842167,1818601.3251865092,1282438.0073102901,1799640.6535195766,1327669.3072707702,1867413.9264426578,1779258.1284795678,1859527.6507199577,1989215.2198247004
2020-12-24,3204073.502192917,2044475.4471617807,1584557.1146128469,1775478.143317385,1816192.660898647,1285359.809168812,1791135.7656150325,1330865.8985069059,1853518.011513462,1780608.5274184486,1859355.1365957037,1998313.0501720188
2020-12-28,3197835.5347335115,2050736.9970227405,1570071.4134536956,1774114.0980911304,1807460.023901028,1278197.7528058004,1786898.6967290908,1328431.1999367215,1843455.633486019,1785528.534086079,1858719.162093217,2018412.593722207
2020-12-29,3242578.021726006,2069598.1055301784,1579634.8264324183,1770373.7865784299,1813930.9119362966,1279590.9846002823,1790153.9755701176,1322790.7788944817,1852429.273140105,1785504.1023693893,1861930.2390824119,2019140.463137429
2020-12-30,3212671.1710351063,2068591.3424609392,1588648.3111983933,1794803.3828274857,1831451.5145588059,1289320.8956302821,1802174.750952258,1341113.4405710108,1873032.694432596,1810199.2601127098,1888192.1039668997,2019434.4664975111
2020-12-31,3156544.5003554546,2035374.219565503,1562278.518790945,1775245.0144398217,1778596.288410115,1274952.376517113,1753668.801350942,1329545.6322509956,1844128.6691628147,1776177.9859393789,1847439.7911273653,2026181.958756318
2021-01-04,3193126.0030881567,2053099.6420206192,1581421.9445795799,1805412.9326558742,1791663.2674352087,1302900.0057289603,1763527.8730695816,1352129.6168800192,1877309.3240650855,1783461.0224427355,1861321.0404648546,1995742.7085247617
2021-01-05,3135271.9811007283,2012722.4291950422,1582443.0121141865,1823145.9436615165,1790952.3835802772,1310367.47166828,1784301.9637189463,1354941.684316532,1944548.701743439,1775927.5098549337,1857445.289036253,2012677.4555920593
2021-01-06,3205963.373149319,2049649.2743689462,1610105.9074598304,1859805.2016977284,1827483.0779737527,1335582.2936632563,1813194.5887526087,1376815.6470515283,1995472.989071645,1818994.3386742473,1907622.2368675058,1984531.8921488207
2021-01-07,3318064.822311149,2107837.3417526847,1619521.2726379163,1851576.5217307657,1831633.7302453304,1334426.9884551729,1799681.597662954,1370137.047905249,1977783.8475246558,1840576.5277711086,1926056.140594221,2034245.3271505118
2021-01-08,3341383.6375590973,2123412.6835174304,1627081.43691165,1832357.89982454,1821790.0755936173,1319694.6078921056,1792441.4872947189,1347892.8402608586,1953939.0106879438,1817880.9724342779,1904956.1704733681,2060284.199154038
2021-01-11,3388219.2404461177,2139744.6091725216,1608383.180767964,1801491.5735308018,1810696.3115500617,1310892.0461667366,1790714.8924869716,1315035.342412289,1974959.0407360068,1826818.509105826,1913456.9114510515,2028415.923713267
2021-01-12,3378729.7127839345,2141447.908189838,1607511.6102360992,1801996.8338246862,1811773.564473887,1307073.316895018,1779786.9379717815,1319213.5289905707,1971400.858561064,1831500.3498757738,1915357.814040289,2026780.8658621567
2021-01-13,3437454.020401514,2174455.598488985,1622817.312927422,1837100.8730563275,1815539.7951843305,1321290.8164568953,1772259.194013061,1344438.709901588,1975010.3374584042,1811522.9445123656,1896337.590540722,2039599.87294142
2021-01-14,3399889.610130855,2160669.0586658297,1607480.416466441,1831367.1144490722,1798259.9316927847,1321585.8077131682,1745136.4680867218,1356587.8943204896,1916831.2720192764,1792164.7648945842,1871559.5001605605,2027818.5518730164
2021-01-15,3485325.8054350056,2204738.8593129236,1635068.4470092312,1890799.8788130863,1819740.9782842437,1351283.323122998,1769404.1777507402,1398275.6004691252,1960761.6442752546,1805312.124235779,1886854.609426491,2012921.1022408584
2021-01-19,3561973.955024307,2294076.7034487287,1659188.6265103125,1930263.5874133294,1842747.255234933,1384762.361647772,1786914.4301648475,1441554.344075332,2007878.1783433768,1890852.0348678746,1961966.9066109257,2043201.6060106263
2021-01-20,3558000.5419342187,2266714.044328086,1673846.571282389,1950149.6208046463,1847152.968297616,1391811.8820233836,1839835.7234502127,1448531.054439278,2037152.8279519603,1887994.7857649815,1960966.013851455,2090350.8404274115
2021-01-21,3578572.547959815,2261918.0091834115,1663097.2331634506,1948203.6053337804,1838406.6833814462,1401530.705237565,1842813.8628711558,1452235.428609457,2017694.7733637919,1862875.0717972,1935556.0258134683,2107414.5498040924
2021-01-22,3513247.385177685,2230136.3682496287,1685881.5805646435,1980473.4053932023,1839736.9205293078,1426731.2583953002,1841734.5190746775,1496940.433408582,1990405.990062878,1852767.91370336,1919701.477506625,2101347.794306959
2021-01-25,3422830.456659868,2186957.4864773033,1674913.9462557263,1962279.8490652326,1850682.6989416028,1417013.2925785088,1849265.0085687095,1495813.8505899168,1972266.0310412566,1856669.7232642572,1919882.7037274633,2119724.1557612917
2021-01-26,3282367.0108079077,2096643.2989134786,1650598.3324378708,1952703.6396426533,1806958.679968541,1415403.402385845,1813005.1928280136,1524297.5616226909,1906303.0478608448,1763548.9503628495,1825504.674741989,2120808.9744256996
2021-01-27,3415646.8759429813,2179968.189332761,1666934.1149793875,2005851.9804514989,1828876.3111913064,1443038.906502428,1804739.1491040154,1542521.1741974333,1940773.7153491506,1796815.7256205457,1866532.5300962257,2061455.4532710447
2021-01-28,3307024.9922862644,2140903.049707417,1664301.0286288033,1938789.1659624337,1800255.9682799587,1400656.8383734357,1773812.1558952497,1500882.2745509478,1885180.6746750206,1761442.565266436,1831648.4342093966,2075428.3659661713
2021-01-29,3447103.781725923,2223604.9948316123,1696886.3559459688,1996046.9850129366,1852063.353718539,1444392.6703914178,1797844.8293376209,1554777.2224329887,1919417.5294356674,1803352.4033237386,1880317.3138099983,2032014.432724739
2021-02-01,3489162.1990577257,2247113.2411446623,1702516.6719656067,2005913.9590319511,1895819.9504691032,1447457.153001685,1817824.000843692,1548637.9720820582,1947441.298677583,1843675.685315259,1925755.6687730239,2082875.4787533828
2021-02-02,3444226.4637417877,2201137.955849883,1661657.9903061758,1946498.5395220136,1869191.451441108,1418068.4751314283,1824478.8876972033,1488301.9454396397,1944788.6945229692,1829783.478291115,1911983.9165835874,2115452.7398426444
2021-02-03,3498119.380394072,2241178.0804205276,1677880.8310706872,1976977.527392977,1898014.9513651393,1446767.7651238684,1846072.2593468032,1517216.7419540314,1962384.6646373118,1863456.523976424,1947739.2702699867,2107002.6380468598
2021-02-04,3511397.6947585475,2248558.34485839,1671388.0011756343,1974092.0006548367,1897128.8570173087,1444456.045346031,1846859.1731666336,1519504.579485866,1951782.063836969,1866017.3122235346,1954741.1524862081,2131923.683175838
2021-02-05,3520971.7746574245,2263750.091102636,1700744.6878371798,2041691.2896270496,1933501.8952310742,1501306.4109458346,1863376.5107262973,1584515.857581059,1970965.9828510184,1877413.3197375902,1962819.251374928,2138694.8185246987
2021-02-08,3501608.601005589,2263633.604596956,1708091.6594667614,2049705.1891411985,1932122.2660674688,1499304.3263848454,1877670.2308457175,1590568.7677884004,1983051.854920946,1887791.793789712,1973929.4484725557,2153010.402499044
2021-02-09,3529485.1662769336,2279618.4464669772,1722598.905839855,2040547.883557272,1926786.337163495,1497601.4039662255,1874966.1216174555,1581954.0258516714,1989831.4856541231,1885267.7144459137,1972150.828600017,2151762.2315760837
2021-02-10,3571253.5417383565,2303729.9742280995,1740796.3218608547,2055884.28450866,1945328.782949373,1499508.7322128024,1870659.0046707168,1586821.962969443,1976107.478790856,1873668.8823122361,1967745.9492191672,2146761.257450068
2021-02-11,3600111.446886819,2326731.2517884295,1787400.979894418,2205866.937280213,1996872.978960508,1604432.2459558472,1887129.8867642723,1743432.154414428,1999085.5231567693,1884084.919105228,1986555.4891137278,2159193.53112774
2021-02-12,3568320.849281469,2322774.897574998,1756369.6009751237,2164295.0894653196,1976331.9638740623,1578556.387878211,1861799.391914738,1707156.5603358075,1959983.908868613,1885650.271096823,1980566.0924715055,2170725.064484993
2021-02-16,3501045.3633940187,2285655.0354100657,1754381.2096836118,2164285.569218703,1973815.0990669373,1578821.0789257016,1852226.9214275277,1711922.2693036946,1948931.7234362054,1877033.4671857138,1963783.8607836748,2165390.784199845
2021-02-17,3484533.202289415,2271766.28269304,1750856.1755188378,2132686.458584577,1976677.8889590101,1550142.304616635,1841843.8287454871,1687543.3329534295,1923216.4305255297,1868018.4671139384,1951904.9487648546,2153747.790560911
2021-02-18,3522874.79956244,2285295.4864807725,1751443.0953986784,2144549.7430578414,1996386.18710931,1552965.186629159,1840388.2859301541,1689083.0747410113,1949097.3142190492,1867845.997151089,1959095.7543618404,2143969.223451919
2021-02-19,3344610.6919159596,2208772.487712132,1715118.4065149024,2069664.6294961649,1968698.6591832037,1523806.121043818,1817905.4117391373,1641483.4315666058,1873783.1371903846,1830785.3561484916,1913135.0315480388,2135050.7121252664
2021-02-22,3328382.0848180065,2200764.424093151,1701255.8829301498,2058100.2060976848,1963364.2483302082,1517476.8675452871,1804589.4361739617,1622376.5613702405,1884943.255927063,1831079.0345720502,1903903.087774183,2078920.0204927248
2021-02-23,3302155.157623185,2188336.5902603534,1695002.2659017078,2071396.7769874407,1993208.3182708228,1521136.099626271,1826003.7643465525,1610608.7909976987,1925931.3389750395,1857076.8845101597,1934440.9031099295,2074356.136479584
2021-02-24,3138213.4171104184,2103450.0510529983,1646701.2683568264,1991131.2702187411,1919556.6811255265,1464291.2744834877,1773005.2932324742,1558776.8998807564,1850317.483750366,1795841.3226308285,1862697.1915555932,2091253.2695399774
2021-02-25,3180116.442985652,2116406.477619655,1642431.2672521924,1996947.2463779622,1911372.2794096856,1451967.8557730503,1771521.2218280514,1543863.635662001,1870518.4626356647,1784736.5912975457,1845747.7713957531,2016753.892781043
2021-02-26,3302446.947087528,2182907.7082088916,1662838.063574071,2040859.8304956094,1947333.3608613184,1491486.0073021632,1815169.5863654863,1575110.5585183983,1929934.0962952205,1830176.7522168774,1894273.81044371,2029508.5722321735
2021-03-01,3190095.756517967,2130043.861563776,1630698.5411149901,2001294.0784727249,1915741.1523121973,1464245.84150333,1797451.9315561566,1556258.3628543427,1872609.0274369896,1803666.271228309,1858314.5771395762,2088228.4892787028
2021-03-02,3033892.4702591584,2032697.7578708779,1585400.0184368757,1913172.2044281038,1857857.4253527692,1414948.1835385053,1764455.373970648,1481255.2851224896,1816412.881733598,1756076.4723420746,1798786.5167499715,2053170.3925259586
2021-03-03,2925097.0853256495,1964580.9345298545,1558219.9552272304,1849155.857797079,1811694.7776078435,1394380.3812307692,1723588.313724633,1429197.6943135168,1770470.526276501,1733348.2101310124,1770308.920787978,1993961.4933896835
2021-03-04,2962297.2312000906,2006954.7426563282,1601648.6031045287,1861645.9284787895,1852868.9667304512,1409058.7903769268,1753508.3678735504,1433783.4371163915,1782037.5624831994,1763598.8515215071,1798143.8067366986,1959480.3494448708
2021-03-05,2810398.367853868,1922129.6811332556,1566349.4562367655,1794726.942954122,1824481.7532991522,1372386.4768563192,1725903.9878284575,1386017.7963032823,1735299.0623329252,1714782.9206385454,1734035.1397903988,1991631.5743334913
2021-03-08,2963474.7414978817,1994744.665104454,1604141.7525506322,1869539.7762464476,1880871.4079909425,1411249.217238856,1774861.3645742428,1439317.3585571111,1807022.872212803,1765900.4783994975,1800367.503015732,1933553.091249585
2021-03-09,2948213.324308549,1983863.7906621625,1589698.7139025948,1872725.2350315845,1867797.824441246,1403500.8966476615,1784877.295625078,1437674.7106108114,1821826.079712979,1765239.3174876864,1795504.0411983998,2011437.1145235973
2021-03-10,3117834.450350181,2077255.2072058676,1624205.5929100532,1929339.8003775303,1917725.2828698568,1443981.1409066876,1825668.5484597508,1479834.957763287,1881423.3015357477,1815592.669951037,1858446.4828695257,2004768.22786289
2021-03-11,3087487.985586036,2055195.940163246,1613102.7115773403,1906291.730196908,1905026.0797373806,1422958.9487616667,1817622.63871613,1459007.6491537592,1877974.0604726977,1803853.5300792838,1837700.1413077088,2052062.0842980559
2021-03-12,3148277.1344601135,2090414.394689839,1636367.017393746,1960021.6731591353,1937986.9729334533,1465662.7345201764,1856997.205411041,1508658.029751124,1918230.8841949946,1822449.4915824619,1864526.1276110786,2033886.842635738
2021-03-15,3123314.7673472124,2085310.6615397085,1636325.8597270665,1967189.6610460654,1943036.116878526,1458291.7409582832,1841863.4078831135,1509390.7807142008,1904694.5159239946,1825741.646130668,1869726.6853458423,2056721.7688838819
2021-03-16,3107702.1271259324,2092052.7333095528,1635688.9224789804,1971143.116717317,1963425.2152731093,1456204.8016655259,1843123.5160458295,1510948.5542691285,1900425.8729330113,1829924.8544209416,1870910.232025808,2067685.7145532889
2021-03-17,2948246.6484576394,2002924.721580432,1593911.4091456481,1911008.5780424837,1909367.1950658583,1405641.6063940255,1795530.2283000422,1473986.8711497707,1819365.8127812226,1769531.0174053018,1801214.7956258638,2075561.9340723183
2021-03-18,2973984.3906416968,2024392.3879113845,1613778.9904759694,1938420.7766082354,1920639.0953955345,1418778.4443257856,1803602.7788629206,1495174.766262021,1850055.5890179987,1786535.7395821223,1815079.291565774,2010595.9425079885
2021-03-19,3042411.167955306,2059858.983345388,1641489.999988675,1989911.7375828233,1950042.0439715814,1451597.6278854155,1825204.7471932075,1537291.2060453314,1891471.5126799538,1816356.6406194752,1846950.4932804883,2022834.926248144
2021-03-22,2990956.513853913,2027995.8171077475,1617223.7749032425,1943012.6309100047,1913046.417107086,1412778.3367995527,1800157.836999287,1494923.3561982776,1868476.6402849879,1820537.8423636341,1853252.796009295,2057345.8543453617
2021-03-23,2913428.4137450852,1982875.0369126967,1588996.904865163,1903306.094891571,1885591.22014926,1396097.634830761,1766637.1824741191,1458953.809000466,1829847.83452176,1789133.3231339906,1812311.7876639133,2046542.34392989
2021-03-24,2933217.966898501,1986327.8020242257,1594593.4455571638,1871088.2364189809,1886443.8822681666,1382025.8677172489,1773822.2263762192,1430699.2542359212,1826713.7101464714,1775674.2859077835,1796509.521616004,2012127.2164053568
2021-03-25,2999573.447280973,2031001.6382217032,1624630.1984114142,1883429.8600140358,1925501.649078854,1400513.037653154,1801644.6948944507,1433982.8698664382,1861548.891268029,1802671.730049344,1827565.3278984285,2009239.2283079636
2021-03-26,2951992.07110037,2008790.7443633282,1614345.812489366,1856465.8682104198,1898600.869328085,1382606.1128658394,1785897.4469686355,1414706.3915516937,1831641.825896152,1802405.9217337891,1823907.111710461,2040462.9992549354
2021-03-29,2974903.766622043,2014686.5206501384,1591721.4481454988,1794175.7712557577,1879816.371105706,1331677.6951072318,1778184.4934784228,1339243.3089882566,1848710.8134061622,1800224.1462975773,1820187.5846450706,2038359.531872958
2021-03-30,3059939.8879399598,2057049.1284180167,1624514.0291156843,1845910.4340204683,1908597.156956106,1362717.6007528263,1796654.3187382007,1384774.469715261,1888106.5689342485,1826191.6530221517,1860007.5809156755,2027478.9511249734
2021-03-31,3124207.921778342,2101733.0997914756,1663758.6187053309,1861185.0742047352,1944665.161237824,1389981.7142491867,1817766.3830580974,1389605.901920702,1921144.5954600617,1868061.8745839847,1910870.253278533,2058121.0099406913
2021-04-01,3119272.4336882792,2112848.6195767364,1664303.7610823954,1853227.534453751,1967705.9217887654,1381038.2780362167,1830573.7606502844,1391057.6206604608,1895677.8453797668,1880094.0811271837,1923285.2720423646,2095549.7102877074
2021-04-05,3163167.3238270436,2135594.876317077,1680111.2514444178,1938457.2099406836,1977169.198611761,1437420.24519491,1828437.7929847126,1479311.427603708,1922293.3820578293,1882791.8363386234,1922580.6186062845,2137783.0242920467
2021-04-06,3149081.411125437,2121395.010837236,1668252.3983575439,1895193.6561037097,1951975.1836803227,1413892.6360376205,1816792.4389653623,1438749.6643485413,1898130.411647194,1881618.7861231384,1921585.4392560031,2134685.933021582
2021-04-07,3213705.8747423384,2146356.281255972,1678381.6667644996,1910859.225491268,1974798.4522804476,1424136.0767263721,1827626.4699045396,1449384.9669764831,1912891.025231533,1899352.3095318533,1947873.313776366,2140697.726010669
2021-04-08,3222169.7013182603,2148727.4572238885,1687033.718565554,1911130.3232086832,1977670.7037186876,1427942.6151052543,1837938.0667279705,1451681.987613862,1911177.5667196426,1909052.6623355376,1959518.7759549166,2162991.7781921974
2021-04-09,3216724.1009836164,2144082.6567060635,1675554.998178142,1898045.1792005931,1974674.0476661832,1415928.8259559616,1839302.5953162003,1437555.00874342,1908831.0018621571,1907669.1823234407,1953928.9316613534,2176598.376518051
2021-04-12,3237666.374918728,2145458.769821651,1691813.0691234565,1908512.410661348,1988672.0275272597,1432465.585866553,1848122.3105690961,1451636.977849451,1914684.3188365938,1922898.1044035153,1969581.194983278,2172556.482804795
2021-04-13,3174006.2801348935,2108653.843680561,1680121.3314867173,1885613.31932259,1970462.4283032285,1432232.5938461453,1836902.807538637,1433072.70390846,1907200.394749598,1905055.9181899447,1949695.5234252033,2198832.860394769
2021-04-14,3240647.8513471447,2149717.235032172,1703486.9644178113,1902250.612636028,1984015.1178144086,1443895.4513521541,1853323.897494443,1448108.224236998,1905989.0320116526,1931294.9969960917,1973590.9343186084,2170129.22791033
2021-04-15,3234874.5113407588,2140955.8874924984,1692677.6779568992,1901814.8937243915,1975459.127455154,1433527.4942206233,1857417.4664477531,1440293.5994843165,1921444.2174242872,1931764.2515927206,1970652.818490658,2205074.1755892467
2021-04-16,3196125.917131835,2125362.1527240244,1683762.8589114877,1898779.9753836913,1962526.111179553,1440104.038784099,1835787.4168201184,1452982.4207142845,1895858.1345334395,1920442.1959454056,1946929.907573463,2207545.492606084
2021-04-19,3159982.486587911,2098940.929479269,1686514.8467698186,1888148.870988135,1933681.6712631586,1415382.4091607528,1826827.1284106208,1433602.6531060457,1906000.740694274,1906326.3612887012,1929404.2821983632,2186441.424781735
2021-04-20,3235088.0290531456,2110678.320848872,1697465.5034069733,1918918.9668291237,1960256.1201296106,1430872.2041671998,1842762.8888806836,1452583.347647369,1916811.5665367488,1882276.902482237,1915177.7831412633,2170976.54098829
2021-04-21,3211916.005141896,2092888.676636321,1681146.5893388165,1928685.8212566236,1955164.638582775,1436945.8646027192,1830220.0673711186,1465985.3182124812,1917315.4722690696,1870019.3958955375,1905098.3154515007,2190761.6621460775
2021-04-22,3273402.609163179,2127219.4137181183,1711386.4215843317,1957539.8645062372,1981115.3800981843,1458428.206627014,1854294.4654813767,1487774.0114439288,1945214.077393169,1887265.2776319487,1930620.0967632602,2163597.133413505
2021-04-23,3308769.796451923,2152884.7129205666,1727723.1352702996,1982872.6495265681,1999439.9565726542,1473090.2730125722,1860087.446423004,1505090.10421016,1962604.4158455739,1897731.12352615,1951070.350978942,2191750.526711242
2021-04-26,3287344.6625827,2134770.2628190205,1722224.934570829,1964213.7593214267,1997936.7942084307,1463758.22528592,1848305.1371834448,1484111.468736592,1951848.8199369246,1891792.1817995308,1943430.791099986,2205069.416265924
2021-04-27,3253713.138904229,2127590.4110210766,1677552.6701925104,1916487.1786721458,1965973.9945405074,1456841.0704456305,1809642.7868559982,1458352.2207893191,1870680.075972873,1886829.7050937458,1931752.0759642753,2194712.3610834125
2021-04-28,3217896.318882516,2116565.4877570607,1687639.8822850117,1909934.3770202096,1967990.184110651,1449366.236679611,1816980.7347583582,1443813.226500601,1879724.5364809872,1897692.2426019374,1929387.872478221,2185490.3277500332
2021-04-29,3181144.374247797,2090605.7633889867,1656779.124186617,1883254.2845827257,1929847.7463521683,1425106.5964004328,1796773.14239132,1420220.392888795,1864084.1414183788,1891491.0537487434,1910191.0631013124,2196271.883867598
2021-04-30,3181542.0865868544,2088700.6096565353,1661805.6553849468,1860651.645645416,1917044.5178061996,1419479.501712967,1794984.1169986082,1400090.4261863602,1851879.7152958338,1878974.837201969,1891083.3713179769,2179066.6230037133
2021-05-03,3099039.3288098946,2051181.9332715678,1635091.4743601556,1822178.1397045692,1898053.3706486623,1384587.2474364506,1772960.1500778063,1373208.5765805175,1818824.1220891583,1851215.6945411158,1852725.0002231637,2169470.4454465634
2021-05-04,3100614.3822951857,2052689.5984485792,1631416.3272155845,1824113.858173648,1892568.6587632042,1392424.6720135573,1773179.117237408,1371189.5990213007,1819371.9066379939,1848274.743378598,1849185.106602262,2129373.7605609004
2021-05-05,3028282.657874407,2021481.2626597972,1631260.746885996,1813910.6897766846,1893943.5234470167,1389415.1143783054,1781693.5330764453,1369564.3548438984,1813003.677133193,1854275.125828617,1856046.4935631177,2122880.968863125
2021-05-06,3075809.0158153563,2056285.4169606126,1661483.6949299357,1843915.1615752825,1914950.668041332,1413308.9641044708,1794794.6714802422,1393633.4330857345,1827776.4037687846,1871684.4745086224,1873497.1873183511,2140230.8517453894
2021-05-07,2947403.778120912,1984626.3880910734,1639167.707679029,1813220.7680661418,1866561.9194421286,1394367.0411328308,1777936.5374851967,1379395.8375760822,1786650.8716752606,1827955.7322878875,1819792.7752911104,2156879.425307103
2021-05-10,2943232.4910280528,1991696.7964104833,1645437.3997727684,1813480.5754250246,1877040.4857707107,1386490.142140344,1777048.857115195,1380630.878670123,1788903.279088774,1831729.9723560987,1830559.4482916817,2100196.9592222716
2021-05-11,2823965.186457911,1920395.6283435938,1603200.833725036,1771789.172373258,1814324.6893936922,1358253.4383708201,1731171.0177037434,1348386.2883275733,1750068.559507345,1787185.9241052507,1779977.974363962,2098969.0538050714
2021-05-12,2836421.9378127917,1936373.528843831,1610019.7552836284,1776523.3613446467,1826020.844516014,1354424.009888516,1749351.6212838276,1353127.5288957886,1749761.9549853816,1789033.4900359863,1778922.6992492164,2044001.786435038
2021-05-13,2897193.055456893,1971408.9713227483,1629144.9050825937,1822351.301188213,1864457.3916233564,1387335.6064162843,1777752.3734180192,1380815.3830037275,1781361.1357547408,1821839.0198160287,1819744.3885887915,2060905.2140843424
2021-05-14,2898518.1594021413,1967253.5398453888,1623660.7978519958,1805460.455915112,1855030.9822041169,1384089.6330105807,1768390.7540692957,1372049.8584766926,1771123.7420549458,1809549.2058334437,1809127.5941570583,2105548.434482004
2021-05-17,2902430.6684160866,1966304.8002395148,1624510.3368775048,1821671.0471647212,1841298.1137896848,1392024.9910012595,1747421.9391069247,1389791.2324332828,1773988.0150350737,1798783.6004357955,1798141.3598063367,2092938.5305758119
2021-05-18,2899752.0963451057,1961043.3192886508,1635029.381825622,1831757.1490270966,1859976.1649263478,1387204.902108424,1750693.6262367894,1391006.2322884446,1799815.57960985,1798277.5810121763,1806535.6860822106,2077967.234668876
2021-05-19,2998036.7281265915,2015344.3669963886,1662170.539909284,1880115.5911953757,1901481.191473245,1408449.4830702622,1783145.9650858622,1422453.714316665,1862353.218346289,1836413.0565619052,1850849.4814770676,2081147.6908607634
2021-05-20,2983682.479776626,2004700.457383974,1654386.4154249385,1880868.4234722832,1897450.0225673567,1413672.2347844804,1785088.708381959,1427074.3424803691,1858093.7220491043,1828579.3718095801,1844891.5618165391,2121422.0059749465
2021-05-21,3005114.2346613337,2019475.7839675671,1662377.3325339817,1897683.1551066274,1924113.6086611585,1423128.3410498179,1797733.1812419044,1434454.4612354462,1871069.1992084356,1850246.379979714,1873637.2141965656,2108475.7253784467
2021-05-24,3001276.7521831957,2012962.0668662763,1656438.1347450642,1885103.1905656906,1928112.740055134,1412382.3921566082,1781297.105178656,1424887.960000265,1855779.3275272867,1849050.9780923391,1876885.92827269,2144635.8357701837
2021-05-25,3023902.8795561865,2022592.2916856862,1654914.811947712,1890997.3866845116,1932760.0626703254,1422565.8341882743,1786476.88075859,1427486.6802563074,1872884.1680138488,1858328.7132768806,1888743.0618660164,2147148.1443782183
2021-05-26,2989515.939813351,2021483.70327247,1659900.8718285456,1920847.6230849975,1934299.6866767593,1444183.4657381058,1796348.8343913103,1461593.7231541632,1877221.9960120502,1848692.0752353624,1874489.0753226476,2154224.1834728355
2021-05-27,2997111.916712244,2021249.122021981,1664844.4919384355,1914283.4360487245,1930430.8466557632,1439282.341081788,1801533.0871203854,1451669.454872883,1887908.63979343,1853475.393647777,1876046.2666429968,2147166.8746183906
2021-05-28,2996648.8233682755,2020167.949302424,1671342.737227671,1912412.4744055974,1928851.172371589,1456040.686925695,1799973.2602081776,1455766.2021286355,1879565.1784014923,1848593.925730236,1864079.238136305,2151672.57206575
2021-06-01,2994833.391168442,2018990.5184552749,1670040.3712127244,1925057.5948071051,1934150.2766043167,1465156.222805665,1810127.1208264001,1471689.4223029728,1883377.0023094923,1843215.8977803446,1861578.891279666,2146654.4029651503
2021-06-02,2940275.5694368295,1983183.25571309,1658571.987564844,1888089.2419894647,1903358.2963164507,1444326.107206211,1797767.000385986,1444085.7191776594,1851501.8874881002,1814956.0592453622,1830072.6279967108,2149987.3110299157
2021-06-03,2966600.882574097,2010375.3370006592,1695726.0203564772,1934200.8044456793,1930993.335896338,1473923.2429597254,1817201.9125774251,1486225.5271933447,1867104.2004706906,1840659.7573424259,1864339.5985757208,2127017.1278834785
2021-06-04,2973990.2263543573,2089465.9895332688,1819717.7518321928,1963106.4160161468,1937120.74388682,1499715.939319802,1812795.8855214003,1519901.5260199406,1877440.660878622,1836787.1497782911,1855255.1533490263,2164919.1506112427
2021-06-07,2959899.7227269826,2081650.0294433027,1828701.0454144983,1967630.8340111894,1954844.9871396297,1513553.196405666,1835551.8747961584,1530013.0544022424,1888250.942941631,1836585.0647610878,1858416.3267011081,2169968.7926563947
2021-06-08,2965497.5725310063,2086037.4245951422,1840364.208000837,1963188.348738383,1953377.0609218776,1510341.0206148275,1819092.639817559,1530475.8076674314,1872079.6520704261,1825475.561912556,1846454.7804185578,2171221.8764292365
2021-06-09,3042460.3268348053,2131443.205333319,1867827.745568003,2021302.39105746,1978323.1466213237,1541048.2406715355,1826129.4429181241,1579989.7318384284,1889542.6228677637,1839485.213932114,1865184.0958198272,2171863.31039186
2021-06-10,3069085.6254869853,2130336.480382305,1858572.9154241944,2033130.565809679,1981794.9056156003,1545887.7778721743,1813863.1085581633,1588801.6477377175,1907136.6295498938,1848955.6544562704,1871602.4098030992,2194723.2614690866
2021-06-11,3121188.9224680625,2166625.0342759397,1877829.7148352836,2037468.475014239,1991003.2606493472,1546094.5875152678,1814872.9788986903,1588391.113044005,1913930.8529449874,1867400.6750538812,1893629.3846285949,2200689.457070213
2021-06-14,3084193.3640887956,2137870.166937656,1858605.1250285122,2032738.2593972145,1985580.2540185458,1552242.1696878122,1804573.0860950102,1585422.8095885564,1897665.5443435598,1854492.3808343832,1876451.1889964556,2221111.2528673005
2021-06-15,3105892.7061672336,2137103.956608056,1843694.236630912,2017040.3393450256,1971342.3930223305,1538766.4906356994,1795068.5577830796,1566037.1845296342,1908666.1028741777,1846997.623738447,1868243.6888855535,2205737.5638497765
2021-06-16,3172335.70437089,2155362.3273121486,1853377.1645300987,2057544.8796341922,1986539.465425841,1552915.4550164763,1798466.153534752,1596059.38332032,1938711.6952659616,1860039.7921804958,1886148.540481598,2198285.6917392425
2021-06-17,3161832.7330752057,2150579.685937003,1840138.9764573907,2049745.2249655027,1962247.0870488766,1547368.7948528363,1777417.7657016036,1595041.059626019,1940317.3742122299,1860659.3076078703,1886290.5187959513,2226709.445307008
2021-06-18,3176715.776111685,2160638.3429114684,1853464.6643531725,2066905.06652096,1983570.03088507,1576778.3932293393,1788800.128816869,1613132.7369395695,1941200.4920964427,1876316.43845123,1902749.125907146,2208751.2901988183
2021-06-21,3217884.695267468,2182268.255756783,1853949.119200151,2090674.217933031,1989968.1113000049,1587605.6299697743,1796871.3191095516,1628558.0861135311,1965021.2066419707,1895802.1465243916,1922767.5014408664,2222530.9129564287
2021-06-22,3247125.087820856,2197690.0679628397,1844590.151777523,2100927.5178097733,1986885.8662881795,1596068.0121807614,1794352.7226759528,1637523.6651546652,1972414.76066958,1899209.6175115458,1922930.4783737715,2243469.7862035204
2021-06-23,3266504.0305200443,2198634.381044615,1818955.9045684023,2107940.615945107,1999387.8059572799,1604440.2199871312,1812388.9134526635,1636790.2316403538,1992501.1644228287,1918287.1381799905,1941528.9276889365,2244070.3821015055
2021-06-24,3272746.286171065,2205879.920968693,1827298.0252818943,2133149.864130528,2006735.1834432422,1624369.3488065281,1828920.6829563472,1656898.6975077656,2022451.5620299831,1935213.84423219,1955577.5545994386,2258489.7500295923
2021-06-25,3336834.4270693986,2226132.229142454,1812167.7691567056,2169137.3143489445,2010971.6101459174,1630948.3304076192,1840242.6223036277,1678487.3923015937,2066510.7497979323,1951021.173205037,1973480.1428450309,2255222.8583851065
2021-06-28,3352029.2823400404,2238321.275851382,1811806.0212853572,2160605.3030928397,2016499.111588626,1628699.8628130422,1842958.3607806715,1672462.5401278466,2065309.1756843138,1957312.1795312825,1982054.489663042,2283489.5542832296
2021-06-29,3331055.388737146,2218984.9086929234,1811091.5969296144,2146461.3410659726,2007612.8180280759,1621688.8194274714,1848104.3797299433,1655978.361129895,2060834.5183403024,1943406.332171895,1960693.5372958428,2290999.4594329866
2021-06-30,3318023.7418995886,2214927.1565401726,1808626.401624913,2131952.7709900686,1998608.062017829,1631697.0087045205,1850648.3017779626,1649441.1509240807,2069365.1105704473,1957433.8178169,1966504.2043716519,2288177.4877558732
2021-07-01,3346181.428076245,2224797.589247452,1810817.0096356934,2153422.825140876,2019901.4897568577,1639893.2798854853,1856396.8367562436,1664336.447175581,2086718.8092029565,1969277.6502798565,1980698.7632900896,2289002.8465359267
2021-07-02,3350302.006171092,2224704.0726746647,1807591.4715946605,2158102.601483792,2019830.0958847844,1627800.7019485075,1848820.8720392897,1665599.8270475431,2083488.304351733,1964649.7276359359,1980822.9756440422,2315348.3110773554
2021-07-06,3335119.836354572,2220282.7429475863,1823014.3816155745,2148915.1066882,2015061.3789058954,1616957.1151785608,1846298.1964239255,1663545.792361796,2057071.4131408469,1958870.5671466987,1973815.9357265427,2324581.3983229683
2021-07-07,3306009.6237780955,2212951.8126019314,1826532.2353595484,2142534.154969653,2002191.469684647,1612245.970320983,1827361.2804100732,1659954.0863859206,2037870.401816817,1948077.274699768,1962948.6501100701,2328382.715918601
2021-07-08,3352932.442683234,2232856.3814862315,1830717.2173046614,2158104.170024885,2028922.0982387217,1629045.1291532717,1852721.7865089825,1674347.568368874,2067744.6422981145,1965103.6540593312,1977691.8328177533,2314485.18476384
2021-07-09,3337435.775602415,2222429.2171197603,1827793.131494797,2173795.135811673,2030154.448754021,1642840.6103888445,1857001.3645998973,1694704.2111503258,2076112.8445314912,1965487.6764067991,1974284.5324731916,2330827.3193142093
2021-07-12,3353457.370315373,2231607.332511007,1826336.4683561698,2163715.465704625,2013777.5633726632,1641745.1605481715,1847710.201833174,1692266.8789757895,2069359.5298916372,1965576.6477679398,1978344.1528040231,2338970.8285720907
2021-07-13,3302094.6527022705,2209218.2284444976,1811282.6674630807,2090539.6243676236,2002266.8714956064,1588194.6354920126,1844410.7168858158,1628063.8381345419,2038000.7907247867,1967910.0876463745,1976401.2856294743,2338444.2324754423
2021-07-14,3269211.4172515185,2174212.1354954243,1786150.5706044033,2084608.1053524385,1991107.7733799093,1581749.3451297085,1841070.4141408224,1631952.1144475932,2016528.0156350303,1952850.3780506994,1955822.8703262017,2342516.0638676626
2021-07-15,3256336.2178527317,2160053.819927088,1776357.548205241,2084408.1117865017,1967629.5710463466,1573339.8156615552,1829625.0838717145,1638704.4857775448,1994967.9874840258,1932799.7005263816,1932317.0628104296,2325890.979869444
2021-07-16,3226570.973546422,2146615.6142356326,1762352.9266544236,2094344.4932032977,1947789.894808167,1559920.4649733305,1814414.4062409373,1646721.8718233283,1987858.4112342126,1915235.4355511272,1911679.9518821328,2308077.293253076
2021-07-19,3305777.062785904,2184324.7991669313,1790892.2507901615,2154855.480484881,1984628.3810222035,1608421.6075200792,1841176.1248571584,1702731.4488949592,2027298.561965137,1944061.4774087307,1944593.4146131747,2287279.8179666298
2021-07-20,3338165.458596609,2186878.0135658034,1800229.5147419742,2153857.8227923615,2015074.237240395,1609647.3372686456,1854851.8712631005,1685847.86765192,2043992.7834354523,1942922.2407123432,1956971.1954810028,2315439.5058532767
2021-07-21,3383567.612266195,2203959.693937448,1811474.1309621735,2167504.171575403,2008495.8984329028,1621405.1522910614,1848569.3450253212,1703108.2189085928,2037915.471091965,1950635.5022670813,1969050.974354333,2333427.5986404303
2021-07-22,3418309.4652441456,2226896.043043774,1828596.2137936805,2197174.8714604136,2029200.3799163173,1642693.5291481346,1863836.1171433413,1731202.3074104378,2047365.7152892128,1967490.062707657,1984257.1802039612,2348761.984858904
2021-07-23,3383731.987608092,2219028.3434744743,1830582.301582974,2187874.0180456215,2033226.0752553025,1640019.392421541,1855941.315915133,1720488.8638893713,2043390.3633855067,1971654.2404051165,1989209.4925394233,2375742.588774046
2021-07-26,3360293.8576793177,2209060.8686610595,1816485.7785341884,2161696.999631598,2016615.0942077902,1621487.8667323783,1854929.5034556296,1702667.255758726,2035655.6728625498,1955897.4917355417,1968250.0630074556,2377968.723876497
2021-07-27,3426355.4301700676,2244843.3477670117,1819177.6060751956,2186384.3481555455,2027219.7664691664,1634986.8467785567,1847616.2172127408,1720192.679572635,2051967.3516913354,1960723.6443447731,1982485.1779808328,2351403.102249763
2021-07-28,3454445.175750196,2253688.3540295735,1822803.6885437428,2186470.078257045,2045631.2659218549,1636137.3316076268,1858448.568725652,1721002.4317974937,2049043.21361674,1963075.48166452,1998711.518738938,2361013.4042503214
2021-07-29,3408187.7958571133,2227260.5190652367,1836956.7555427465,2210882.7164205024,2032555.8914153925,1642167.1257586654,1864144.2036431248,1732594.8520222977,2075072.1147671212,1969728.1454999177,1995126.4165811245,2365770.7317275377
2021-07-30,3413455.9343743967,2250205.5359912603,1841505.4551917512,2202564.0609239065,2031012.0471007847,1633427.6907901254,1853791.6020440347,1726676.983815653,2052618.41399251,1969325.4068768863,1995339.3605184664,2351863.8354526907
2021-08-02,3438871.378865201,2264433.653693513,1846735.7358459437,2236634.922192499,2042434.0497404803,1658070.4908468155,1869690.054455642,1745149.9620676755,2089003.8696807728,1985895.1148412637,2011495.4015877177,2352448.6181151206
2021-08-03,3441511.7758612363,2267768.2272771816,1847090.0839775642,2255542.197659755,2039107.5305903077,1657947.14910791,1867324.1404191626,1762864.1909993435,2093017.1115568497,1985482.9729828883,2015613.8280270116,2367823.842398232
2021-08-04,3622099.360657977,2371625.520472771,1857443.2619695547,2276083.178029553,2054788.288135139,1690318.1654292366,1864501.596530072,1796306.9255245312,2073292.2966406075,2001956.1184274973,2028759.8569315586,2371277.729391324
2021-08-05,3575925.5312403357,2353466.236276659,1837866.4275324196,2224637.422573821,2044464.116347755,1652464.3386069343,1856687.81576261,1741152.4832767325,2059187.3982519214,1996726.755272648,2027446.3268201703,2386723.7294180375
2021-08-06,3577406.9540796545,2358888.7403168883,1837344.1880645887,2247324.165029513,2037549.0209072917,1661155.2637360406,1847954.2121861184,1766722.773008588,2065337.825476913,1990827.9153559252,2024784.6269540437,2375360.614695777
2021-08-09,3673921.6635412676,2404326.4444174594,1826074.3013527684,2236859.699446839,2032726.395860398,1661846.4711943627,1837032.0629920089,1766777.6542854765,2056158.6501850595,1983890.610842579,2013740.5925854868,2379094.3806055426
2021-08-10,3680036.30178966,2411617.159611063,1830148.5901567817,2227044.844534509,2028805.9285239447,1657542.8144386765,1848230.4607916402,1757722.3636181077,2049115.2310899743,1981653.159805744,2007529.4016497063,2366591.3311842685
2021-08-11,3646781.693477967,2386550.409756961,1825213.4663907585,2236808.597384558,2023391.093368418,1674553.2976801696,1836158.1541494203,1780947.006312518,2037028.863148608,1985865.3029384806,2015079.537605989,2362532.088969869
2021-08-12,3658542.15797817,2398317.297331059,1834359.933592033,2248664.357540494,2033748.6129941102,1678122.9094784067,1833922.4794701592,1800073.9564078792,2023715.7736392373,1987367.6229932082,2018047.717979827,2372156.668940395
2021-08-13,3603554.458613973,2376000.3965387456,1832865.3581714784,2267515.667180892,2033794.5169917059,1685152.7107393767,1826365.8456836706,1823910.3987721014,2012177.3757114739,1983916.6919685141,2004536.2497105014,2379655.520177919
2021-08-16,3564734.319054651,2353417.4023767333,1836060.9308886246,2256050.8433769676,2006891.6050620845,1674814.2376578469,1820247.72758712,1816883.120735253,1990249.861885092,1967008.03413641,1982987.9592469826,2380298.4894061303
2021-08-17,3550512.468898399,2344791.327491848,1800386.5103827864,2218355.144882403,1985324.0196349586,1641137.5957133304,1799845.2736216374,1777404.1716359498,1984761.9428403003,1962486.6633894376,1975204.9946119962,2358612.8629770856
2021-08-18,3542933.596611027,2336359.0892410106,1778754.9626270568,2116660.249203909,1969940.0341722476,1563055.431497551,1813009.117676946,1660737.7157044483,2006292.4354880832,1991586.0773699337,2006260.6435147682,2335831.3639714005
2021-08-19,3583685.7401551194,2363315.716036808,1794476.036733905,2165501.622303659,1989882.7953510936,1596034.8625522214,1828465.2178075737,1710608.512479525,2024872.6720446073,2008664.6374279824,2025746.628388064,2347782.638940384
2021-08-20,3633277.9283615234,2389688.960980367,1812956.7556650979,2159041.439166703,2013218.1229782228,1596362.7191434358,1841454.7446490396,1688708.2756833902,2053585.8418786076,2032458.5571911288,2054996.3424579615,2372721.0325705055
2021-08-23,3674357.6757690744,2419775.872114119,1822881.4601678064,2162963.688117535,2013120.574558935,1618571.5189012599,1850985.3634859587,1693572.8085619907,2055838.872948569,2041636.4969941783,2070614.2442156782,2407346.7985336985
2021-08-24,3691215.998308634,2424366.4915436506,1822236.6834766844,2187067.2262693993,2012820.886009655,1636905.0193542645,1857448.7213728614,1716325.8490761542,2054118.9211655206,2045403.494552367,2070515.0528403285,2414399.1945382617
2021-08-25,3648728.8413752224,2405169.5276240297,1799331.923665586,2141202.9228605246,2005941.9773029154,1595440.1235636978,1845347.1952224667,1667407.0437762656,2050485.4223140846,2011435.495400233,2010987.6552051608,2416166.285229931
2021-08-26,3702682.2981975833,2434514.643921983,1809263.5856000981,2138284.1593490033,2044704.0110975264,1597070.3205959667,1876061.1717562014,1651932.0050988186,2064053.1134997783,2040450.3402995786,2051965.2756539318,2401954.331682769
2021-08-27,3736207.3047575247,2446102.9389254455,1811214.9133318383,2125101.1424901644,2048152.656996963,1585637.6853823606,1880618.5253312222,1633573.171011439,2083068.1163421795,2054051.7200022128,2062064.7804450952,2426232.5611100956
2021-08-30,3713298.612788405,2422272.676919769,1810653.2394804165,2125077.626779413,2043439.0944020194,1587022.0155591436,1879039.6374610306,1633278.10510019,2068803.500566493,2053503.930287167,2058613.8959153017,2453294.841154514
2021-08-31,3748375.6182101774,2441784.302719631,1823907.054253198,2143339.362329847,2041879.1214347598,1588594.618681587,1881233.883324228,1650333.4326639299,2080496.7456173978,2054384.4502297,2054486.0852567467,2449745.0000621784
2021-09-01,3790029.229144259,2465625.762110267,1827894.358689636,2162494.2601239984,2047028.7257614913,1608472.5957984063,1890156.8595940222,1671429.0272832755,2084427.0927924104,2041417.480935217,2032955.7131463694,2454313.643398642
2021-09-02,3802159.529797335,2471512.549113414,1830002.0124733308,2149584.2992865434,2051803.7228841167,1601795.7106674577,1895020.434535134,1663366.090454184,2074635.4330985008,2047504.2435248315,2039887.3680144893,2453162.808313954
2021-09-03,3796641.0837205774,2472107.976227849,1814515.7741262189,2128124.2989491983,2039625.4778895143,1587983.8358852747,1861041.3534768033,1646730.5128677532,2058745.7961270846,2053290.9433488685,2044617.7345169047,2460804.899830829
2021-09-07,3735572.5741384653,2440479.235274541,1808265.3892228424,2122094.172637824,2042468.4048532064,1588579.3032514132,1858913.1507862716,1649453.7040330998,2052154.6048105974,2059831.4151655885,2047185.88079849,2464404.9441078887
2021-09-08,3705496.8440251676,2415008.36084237,1789209.5991966724,2104498.780346225,2050808.1318396765,1583164.186764734,1847973.9922332529,1636144.5185276675,2042339.9897371905,2049748.368754389,2037694.0469943162,2455772.452760262
2021-09-09,3651867.859300227,2406832.939280915,1791098.9440948837,2101562.3116343217,2045445.8896703995,1574279.2011696978,1842880.3331480438,1631179.8590919902,2031959.48890761,2042630.6268799054,2026884.4263463123,2446371.253932775
2021-09-10,3660234.505309446,2407503.1538975514,1789068.7302484233,2093604.3514312238,2057318.5992573393,1574519.3729333414,1848237.29842518,1616428.668005319,2039007.4067161796,2033766.7298594937,2016558.6441137227,2427458.7777351486
2021-09-13,3654795.507066731,2390027.5802201214,1778894.3180558651,2067289.5029578023,2061656.4311357313,1559445.464201405,1844652.5929847595,1601490.1148691862,2027218.3382672751,2018579.6532770519,2001116.7387106793,2426476.2077588947
2021-09-14,3690425.978263954,2418749.346586336,1777419.8581570906,2072129.7637939525,2070506.3641319969,1579793.0574212286,1858120.2747770918,1606595.995796209,2038164.9638735878,2049981.0119826107,2030868.3338086277,2418364.171445565
2021-09-15,3690663.8673323896,2421164.426831804,1776934.0990800702,2076991.2111901215,2069001.9575991987,1577803.666392693,1853084.8185084185,1606250.3774998456,2045988.0430983927,2060983.3794966822,2042569.6425866126,2437328.5396200614
2021-09-16,3664144.849272779,2410474.5576405185,1771911.4519763833,2065168.521491388,2054301.4390776965,1573880.165493006,1836361.5047577482,1595203.8899552417,2049397.2210505204,2051789.6066731622,2035118.7933312126,2439274.795805839
2021-09-17,3583374.1091731386,2357346.685473676,1743205.6485783053,2021258.166331565,2031167.3701986438,1539452.9616473776,1805113.0625916668,1564202.6393469635,2001881.251412359,2013673.6967508576,1993603.2584022805,2410593.117619307
2021-09-20,3606902.9288857365,2362316.7435521786,1731695.5741299707,2008853.1352624632,2030958.6772021833,1536407.0844620464,1799840.9676542939,1554151.9410189635,2010573.5710794472,2018530.536532142,1995168.647903506,2360084.415043085
2021-09-21,3667605.5221827887,2401492.7020452768,1734520.6112567887,2019932.2107178497,2049903.5532966126,1552834.3783484146,1817746.4906269445,1557395.6863530334,2049839.1294107058,2051068.0633156467,2023499.9308458974,2362533.6242354573
2021-09-22,3691747.827915894,2419664.1944826175,1747729.368239082,2017158.9841660755,2074145.4885323236,1564539.6687991365,1836357.471680431,1555604.2158377285,2064547.3119597235,2070914.4913582734,2046201.5587240208,2385917.2544047153
2021-09-23,3672797.218565801,2410198.4129476254,1747461.4045611322,2012293.5612294595,2080984.4606457779,1567605.8999991703,1835542.4422280022,1553855.937070037,2052767.3706414222,2073011.6048621521,2050109.9062683524,2407937.875785039
2021-09-24,3563605.036557093,2356044.7795027555,1739543.381843042,1992613.9268098483,2066919.646354147,1568843.62356551,1839675.0447024547,1530396.3381090532,2058262.6313098005,2073689.2897845488,2048291.8205155612,2409997.281044644
2021-09-27,3423726.3458380075,2276970.5264678886,1702006.2762114627,1930051.3212296756,2010049.2670399798,1526757.2194092297,1800296.0242826473,1479281.2701187623,2021394.3219628264,2029800.5262862686,2000350.521582926,2390367.9893440283
2021-09-28,3408214.011852977,2271258.4310929473,1705148.7012397663,1928945.5287068184,1998537.1339102054,1532035.1727068652,1803331.1028893564,1483184.2151565154,2030869.2969045397,2047340.0274983805,2007552.2456216412,2322056.5005371124
2021-09-29,3421236.8989040554,2274452.5345384255,1705671.8155710471,1911679.3272112191,1984150.9954043822,1512341.3459994623,1791361.5972780327,1463240.2405233935,2029080.8540722379,2043154.1795693499,2007039.2623287248,2319319.42904701
2021-09-30,3426485.479565553,2268071.957170999,1714915.6991736763,1894897.337534606,2003165.579597522,1507845.570087528,1805857.046396015,1433975.9824922513,2036340.3105590767,2047294.1255858745,2015660.5117552653,2309372.7503561433
2021-10-01,3319762.127561055,2207970.717648944,1682816.1258539716,1840664.650267594,1968051.0420664658,1480697.5902338265,1777670.2928294828,1386761.6075295697,1991329.6560957506,2014783.1460590179,1972040.2622387207,2325447.5951676597
2021-10-04,3333419.973806607,2238905.6890894305,1701244.7315999146,1871135.6617610164,1988150.9990007798,1501768.2884411486,1813311.0339826385,1413735.9029908937,2028935.4606959508,2058337.885443707,2010883.7142281905,2275179.3151825024
2021-10-05,3320631.095063931,2227834.924290811,1695030.2875108044,1887395.5442817474,2002803.8326620336,1513851.5633668473,1822546.8931658184,1428526.8485465376,2056682.4579286326,2071973.7291719436,2024373.449901605,2306940.7361383555
2021-10-06,3347905.9140511174,2240761.3913598107,1721956.093188116,1922677.7024784393,2025567.3002520038,1543230.2837610177,1846571.357754748,1463608.0960592132,2076567.3899284818,2081255.5740744055,2040892.112852147,2321498.431495912
2021-10-07,3295390.776399417,2215838.858947531,1724565.2621825451,1916987.184090224,2022508.292315582,1564950.8603401734,1838449.7162138585,1477227.702651713,2065786.731107211,2072826.8719792848,2030627.8123255414,2341995.608833365
2021-10-08,3253928.3716080757,2173995.2366001424,1714098.1058483694,1901221.69574921,2005294.5583657396,1555672.127262526,1825357.4462148047,1457997.1210778556,2075850.6652323345,2059116.5267391114,2017620.575518459,2329987.836090747
2021-10-11,3264086.8212954756,2168621.678306504,1708803.7696701563,1901984.3294502173,2001297.403597495,1553932.169095576,1829556.155154482,1456094.208057984,2096667.5994031215,2059950.8606900568,2018757.0136240197,2313163.167566102
2021-10-12,3329864.3792571668,2197658.491661712,1722774.9874047998,1913175.6375935823,2016291.750942227,1551532.910903707,1842871.4987501823,1459645.4611767933,2114895.3441275433,2081913.1981165495,2048935.8806029202,2305047.907195037
2021-10-13,3366171.4781295,2223767.990248989,1752303.6966654419,1932672.243402581,2045570.1501046529,1565605.4275983698,1876865.9784488298,1472357.5158179395,2132705.2032526266,2111371.2285736175,2081886.8636469552,2322732.477975464
2021-10-14,3406415.8207953647,2236560.779457879,1755312.554866036,1937420.517283809,2077590.591829011,1569975.5426063195,1883497.4641993868,1478729.943070183,2134643.9777301475,2115832.7732815337,2089801.3539081602,2366408.9416324263
2021-10-15,3454574.439742637,2256316.3589847963,1752368.7802844003,1950066.092723434,2084527.303789589,1578109.4017092597,1891275.8004883642,1482424.2075011507,2164492.934585902,2140840.4033883647,2111587.8220484555,2381265.399673388
2021-10-18,3479595.586933428,2266734.2060479186,1768091.2138591148,1973790.935485742,2098116.933333103,1593163.018341002,1907597.5525033544,1495832.9372645216,2192125.447404393,2156026.768234544,2132744.056893234,2405471.164564965
2021-10-19,3486755.1254323754,2267174.8175200955,1771943.013973058,1973202.6136752923,2095350.7927210988,1593453.4482760478,1911956.0135756964,1496046.9484881856,2176851.5461195903,2150657.7327690185,2125307.375309461,2422737.6825258066
2021-10-20,3478316.294449422,2284728.282631595,1788922.7079068674,1970932.1034124305,2113342.1973902564,1586048.5833397403,1922841.2470871974,1491646.500238061,2199086.3019515774,2196635.8631481105,2168476.9083114117,2419277.500943804
2021-10-21,3401953.2194878496,2250691.8959108414,1786082.529856922,1957849.0610725305,2106839.8319383613,1581121.3632492134,1924622.2622856556,1482631.547764995,2198101.545026125,2210379.240648628,2180467.3724883245,2435136.947993339
2021-10-22,3438359.8794149123,2281026.991313565,1803929.821822531,1992002.9324187725,2120311.6966010793,1604608.823343903,1934461.5776429116,1516575.3478281612,2217537.362309409,2235731.197554075,2203334.6608642787,2413988.971573176
2021-10-25,3445371.3298307196,2277710.1329349694,1808438.8459812554,1975713.3435125526,2123898.892806133,1602159.8686562697,1935107.1011498347,1505905.4951932533,2199753.0818931772,2230384.8736659675,2201898.7699256246,2439004.43553581
2021-10-26,3455194.721445199,2234002.490558197,1732543.2594708302,1988202.8856554087,2100771.1433230056,1579335.4877834725,1943553.7359700894,1486996.1012050174,2290712.751034754,2209397.5904358085,2178486.815103354,2446126.0720183877
2021-10-27,3508190.348166401,2273659.055216404,1735408.6339727833,2003341.9074333461,2119187.981261547,1595840.0403789843,1977008.9112150064,1496366.6538687684,2332419.584572027,2231878.865250403,2217937.514356707,2452241.4954346577
2021-10-28,3486080.6621167697,2281131.963050333,1734032.5986630297,1998088.6411784838,2124913.7378775524,1596412.211433936,1991640.238916861,1497693.347559407,2370137.1863846323,2250481.302260673,2235335.4469687296,2480503.4320094585
2021-10-29,3516285.70897064,2310284.994419828,1744975.0188596784,2010468.0543966484,2130703.89996489,1611652.6768448455,2007496.9482706334,1505734.9550022336,2405683.928415398,2257625.267836942,2235744.750953468,2491871.3060550415
2021-11-01,3551003.254025493,2330866.5407872633,1750571.9543353023,2018007.8050640193,2145297.637015449,1622276.2460840484,2018330.8359919519,1508269.5615665806,2401835.1001505754,2259147.7230094806,2237543.388587612,2500488.137693672
2021-11-02,3581280.042144449,2367820.430546154,1759455.7746379888,2032930.1986714236,2161745.7685787403,1622888.4392353566,2033544.128299701,1519471.4354603728,2415580.1585827605,2272073.5513221626,2241372.4879212966,2511054.296049255
2021-11-03,3642592.128475265,2383127.881371492,1774464.21891902,2058541.4752186004,2181027.430550303,1632264.0197660718,2036471.9615782455,1527870.4897769203,2430145.5133826863,2286170.59815882,2262736.3978999,2538096.1570613547
2021-11-04,3706377.559673347,2396583.247981813,1758236.194559509,2026066.5007989,2196881.624080046,1611902.4408740546,2040713.094902649,1489939.901654429,2410558.1805503904,2278309.7561866944,2259550.5321283718,2569811.980629247
2021-11-05,3749945.0885428367,2398165.98801027,1753162.200192141,2017241.9245734892,2196576.714237746,1608622.505522827,2048793.3238881917,1471955.4960865497,2420643.153316113,2279811.1165158628,2270547.5488420674,2571877.680477762
2021-11-08,3805387.781442999,2421502.3184151812,1747882.1875303946,2004294.2310236893,2195782.5483905394,1589569.3218870375,2045218.7456148155,1453078.2040062177,2408712.620313811,2267981.3375603664,2264002.1612307797,2568206.8604571004
2021-11-09,3652315.5235043433,2340612.498469883,1716784.908602542,1962012.387031374,2160815.4676483483,1546113.8200541504,2031073.8948791674,1421920.5838184673,2376134.9072529953,2240966.1595659186,2221208.3557286905,2549956.237254417
2021-11-10,3679162.8355991477,2349786.3914737203,1726030.5033331297,1977127.8910347754,2165969.9507494755,1550840.944900813,2056075.3446801447,1420515.938711606,2441970.981603532,2260271.923022278,2249820.295283212,2513110.630777684
2021-11-11,3701152.426107893,2380478.936606211,1742859.4748291704,1977622.5403670326,2178421.6608940037,1556026.9940110063,2075567.1825731432,1417794.6233209278,2464079.93037584,2290908.0153818526,2283429.758173004,2520483.743763559
2021-11-12,3726594.4580170456,2397820.489183393,1740023.1049098468,1963253.8810555595,2180095.576155195,1550979.5817653008,2076169.6637057785,1405254.6286060924,2446835.1762545374,2286367.5934956064,2275217.6910138526,2546804.029949347
2021-11-15,3664443.939385846,2373884.593573098,1734377.141742752,1969992.9523233015,2198102.362360052,1552279.9223250714,2094821.6572012631,1406500.0976043488,2476455.003159844,2312592.042642284,2306418.458445137,2545110.9390590144
2021-11-16,3622428.6168471095,2346884.6224017604,1715857.3759311617,1968671.342059911,2204486.902998411,1543009.5886860266,2092888.8866741913,1405132.1993691572,2481774.6735658683,2307267.0726318797,2301447.7598331273,2564078.377764687
2021-11-17,3607205.162655832,2327011.2368735773,1710350.6478539777,1968291.135684004,2208571.4317874503,1548186.7946499058,2068113.3852182194,1403122.5109230652,2470243.629128531,2295678.0988600827,2282568.3531098813,2563811.241552393
2021-11-18,3589909.0593968965,2305870.443273185,1705472.417757197,1986172.0030067055,2190296.399023307,1538814.6011085191,2051654.3418967456,1413283.9388662805,2494502.0360285,2286145.602993529,2276910.9477802226,2591307.5411785096
2021-11-19,3489570.1712536453,2240307.806625712,1678488.742539518,1963594.8942381605,2155562.996854561,1541746.6379828686,2030165.8654276782,1404494.8092883206,2464825.881473349,2254453.401765758,2225805.606975271,2605514.5818757904
2021-11-22,3441438.17640798,2219228.112286351,1680239.2806144878,1929840.3195923748,2143258.183438476,1535435.2828198883,2036232.8882987336,1370996.8820497924,2436668.1592118847,2245915.9946953687,2204547.6788523337,2575273.5344316317
2021-11-23,3452814.005207077,2219785.2808286757,1677720.346983281,1932487.3539353458,2146988.052731577,1546564.3322165792,2041767.0817549345,1370190.2871980309,2449718.5818271553,2206867.5549388775,2124665.2897466575,2563598.9143215865
2021-11-24,3384866.107813072,2190298.659406122,1643143.0311969263,1924118.7516409198,2102281.923915187,1520203.403632196,2007013.7151324209,1375925.2196326721,2404938.2979823076,2179279.2818310373,2098660.2602736186,2573202.921733235
2021-11-26,3418550.632306778,2200437.9776012204,1662443.1157761877,1947855.7990755637,2147011.5775870103,1541491.4431018769,2041735.0883069742,1384088.6673946958,2455428.6048403215,2218862.4979302227,2141976.0376941483,2519400.613891298
2021-11-29,3348644.056717367,2141669.285907918,1632233.455569053,1908239.707470821,2102974.9460542393,1520485.6793638812,1990683.214665467,1364398.4490204079,2397805.217995284,2168440.7095992207,2088861.21229283,2578144.1740278816
2021-11-30,3231996.2532118554,2075622.3549086773,1592103.6195462965,1870378.701753357,2058410.091351241,1490304.5437270957,1955644.5800400174,1338395.6810418915,2334076.2235253714,2120078.491756673,2034726.0367369212,2536747.2727158284
2021-12-01,3261598.0857430166,2099793.206727383,1616717.023960708,1882680.7641708876,2096893.7354338677,1505460.1792700035,1989853.2334173624,1342568.7824709858,2353722.8238167427,2151660.999231873,2064211.0661977232,2496155.3111515087
2021-12-02,3143092.108047513,2055726.2812590462,1603389.9096686814,1840125.2369520979,2084645.5104238188,1478817.38574451,1977377.1740262646,1312560.4600165095,2292131.6190178483,2120132.7859482714,2036204.359974422,2513926.4709110926
2021-12-03,3205712.5786455832,2086580.7935986705,1601147.5333440083,1850784.3753660945,2108132.124423919,1495706.6495308208,1995634.0563169948,1327101.4957186407,2293403.2248389143,2139233.9142062766,2059879.1758654981,2470108.6092934846
2021-12-06,3338996.193731618,2169273.241161971,1643531.114407311,1911675.7426510118,2162994.7645088453,1564614.8169438622,2031550.8156804452,1385018.27755436,2351017.4575642413,2203236.2243429413,2131256.158497204,2491193.7933511026
2021-12-07,3390229.7029690016,2180095.632457599,1657108.031967038,1927755.7420724432,2168792.3424158166,1577411.2386153082,2037199.1051884168,1404621.6359620008,2363321.9774349574,2205142.4689984047,2132170.460917328,2566576.561929313
2021-12-08,3280799.6203110917,2119145.1430757744,1638620.5917290628,1887082.3092179208,2149708.8324923017,1555324.247500766,2015821.5920675343,1386934.0986066065,2313127.152007505,2155129.7347717136,2081406.772330948,2577373.7777558747
2021-12-09,3308068.6128740273,2140029.531766388,1641509.5244165603,1894473.876437871,2164680.9138491885,1570882.0598136103,2049947.0282039565,1401320.8390332537,2324949.919799713,2172347.8496407955,2090142.3269580172,2538893.26695459
2021-12-10,3305479.589395923,2138498.412122928,1636230.7918454523,1898361.634168521,2137062.9068008703,1561153.4665126929,2030024.159596457,1411418.0425822197,2296164.1030440456,2145096.2436421816,2070277.090549304,2567570.1858177995
2021-12-13,3285005.685272973,2131276.8413866153,1627896.8581845665,1908521.4367578123,2116639.7973389016,1559675.072644168,2013699.0200273423,1429943.6811007136,2251653.613942918,2112338.5685049053,2032456.115907254,2528356.8927514125
2021-12-14,3366756.6532687866,2176177.6058153617,1657857.624373228,1937332.0978875833,2148119.9214397324,1582440.4219257773,2050665.559022088,1452061.2139514682,2284454.74065163,2155744.582794787,2075733.732332056,2502000.5278243087
2021-12-15,3270001.943928881,2119075.3655788116,1638740.309970363,1881881.4002233315,2097997.453075272,1550336.9752556481,2015983.8481031605,1409379.831340554,2221329.5679348856,2109270.083337351,2026573.0039671084,2560905.904953857
2021-12-16,3255192.532415589,2120024.1502931407,1641094.4250899074,1901248.056999664,2094930.4524187683,1552931.437783107,2003647.0357397755,1427052.637531817,2202823.5182211883,2103599.6220458737,2035160.9597497548,2493989.0514069865
2021-12-17,3226795.225050011,2108839.582009759,1622804.4513335216,1855203.4183538097,2072008.8036541648,1518690.4932281096,1990602.6757078343,1392689.615790395,2164459.4909312516,2089079.457695727,2017684.9405722946,2484166.4221756216
2021-12-20,3321237.5029894854,2162868.718602546,1657161.737694253,1898090.5782074376,2127074.5925981016,1555706.062022085,2026401.6889440487,1413678.5708923195,2216173.1595247258,2129243.7477678834,2064204.4804992862,2456839.9229235263
2021-12-21,3343355.126976308,2178503.0508384435,1664840.2586319696,1898473.4582349828,2142915.032424242,1565695.2170398938,2045774.108617609,1414586.5719372765,2237133.097111305,2158247.9352165544,2085503.9874802777,2513222.2445859243
2021-12-22,3385245.8280276614,2203935.3624755745,1683196.0672757914,1917451.3481496556,2159828.3361681276,1577061.8632190495,2063969.3792415748,1428126.6236363417,2241034.869428176,2167455.8913377654,2089492.6942135936,2543699.1088243844
2021-12-23,3465009.773924327,2243038.1054728683,1697157.4043754784,1933492.2699182676,2180800.383509658,1605582.506880678,2090370.1827260447,1439845.6857438907,2262343.7392742536,2193782.109415578,2108761.8074433296,2563833.1958502997
2021-12-27,3469611.1975772823,2241429.7622396145,1692640.2102490158,1915143.3947026378,2169310.67810735,1591656.1911980347,2089133.599201758,1425445.0016403173,2255225.805222589,2185770.074991268,2097941.757376885,2604596.493054228
2021-12-28,3471542.7417100407,2263521.7661449453,1716690.796873907,1910739.422553782,2173027.4465738735,1584849.5959145974,2093361.046047914,1419281.9043441229,2258513.6231461763,2189313.480103573,2095749.2506382724,2592201.986910018
2021-12-29,3488502.974772936,2257692.076003202,1697309.9616198645,1924709.7987999776,2167071.116203113,1590990.6100235689,2086896.7872898243,1436935.3797311268,2257030.389824512,2182154.6722753504,2092187.2643045494,2592571.3718104665
2021-12-30,3468060.1800972396,2246223.2641281006,1683265.6510471515,1905430.2931107797,2161571.4128063377,1583237.8971954463,2082908.158257078,1424536.9839532718,2241902.1969883204,2170100.455031824,2076951.8226300962,2582838.402089435
2021-12-31,3472828.573297884,2241632.9790793834,1699894.9160952596,1915184.154601592,2152199.4426429747,1595839.1122814287,2076311.4657884536,1428248.5418412276,2252104.557382724,2185204.4045107765,2091214.8718623759,2565699.3111723885
2022-01-03,3351116.7932036454,2195358.451656223,1685312.9116925101,1881161.6305892216,2131894.5403839373,1592886.2628008213,2078659.8107582286,1402609.171618164,2226503.5895474786,2167428.763053144,2063806.8245728074,2594262.9274352114
2022-01-04,3165002.192092444,2096187.0697085536,1646390.5397905034,1835677.1393600628,2098400.9788867543,1565538.4133234576,2033800.412829414,1381415.0778232564,2131855.9288763595,2094783.7868569242,1987193.9063335736,2559355.9008163163
2022-01-05,3173751.9533291254,2106808.6019936656,1642030.8949066908,1864354.1111231064,2107485.680350674,1605508.6797252123,2031831.2031178465,1411364.352312986,2123908.302387996,2095729.448629826,1978901.0765446874,2479500.4430008857
2022-01-06,3083323.8859147634,2033971.873408488,1613174.7274196665,1825408.887304795,2084401.6653999314,1575973.9170233759,2004795.5255018172,1386034.5244961511,2079743.723235733,2059087.4422268898,1952461.4460242386,2478491.159403402
2022-01-07,3060308.9787404547,2014770.2968461688,1604073.724089388,1800022.0116044416,2069635.272927703,1558305.7641306818,1996783.5347369805,1361110.227684777,2089974.6394105,2064366.8973534824,1958052.1888408216,2451266.9088394605
2022-01-10,3188178.1244176207,2109552.554478875,1678955.586661924,1992962.789520298,2136315.6177380327,1692714.8332801815,2014706.722947388,1544635.221297729,2112112.886502511,2089839.3696358334,1993672.9425241672,2454763.169162778
2022-01-11,3240348.8746037968,2115865.0281083533,1657069.6933071,1969696.0268656395,2133103.512892051,1674773.5071988523,2019394.6766148154,1514803.3553207966,2119209.2909556637,2095509.088527477,1993624.999097284,2490873.076369791
2022-01-12,3126272.7307165684,2053142.2825830318,1647052.880108684,1915870.9551924637,2092305.5699064296,1634210.0218990361,2003576.8563663457,1470017.528069603,2081912.40222568,2049506.9409741128,1937459.089184191,2500459.7352802954
2022-01-13,3139620.9697930776,2060733.436014421,1665228.0317939527,1943821.601648167,2103300.981556979,1660385.125111895,2001520.5290896478,1487862.5028281864,2088359.9114228496,2063175.305797325,1952527.2764040679,2436084.9744938654
2022-01-14,3062792.085285429,2001855.4179931218,1624885.1523772152,1846174.2707983176,2043079.997622407,1599667.810690468,1960998.0007884356,1414986.449571108,2030786.6264894812,2008778.4204730808,1899460.006715187,2454316.713929818
2022-01-18,2995922.3417086676,1962593.5336821117,1615532.2049447226,1833580.2268507294,2020696.351274358,1599743.5568396212,1940873.8816966475,1412828.8495902824,2021212.8454775007,2004682.5000911816,1900690.2932559776,2391301.7378745875
2022-01-19,2999264.4455939736,1937137.6439976976,1590933.3614732807,1806787.5589142232,1998319.6022830857,1576356.1964332892,1904989.708336536,1395374.9806370207,1997228.238052307,1976485.2313978153,1875864.1085429539,2365688.9020717028
2022-01-20,2921635.7680823943,1830506.164909931,1554554.1789599815,1740945.0700341358,1967686.4661017552,1523843.5663319686,1859592.6992566101,1347558.5680034198,1894231.4775970525,1836290.8113743651,1738595.655494026,2334029.7298040036
2022-01-21,2895279.041962085,1829026.7255763717,1550689.9150051442,1748136.8615914935,1977906.6119440806,1534422.3285013423,1870300.1948219012,1346494.07477048,1911955.2489947735,1854625.3568084093,1751311.524268059,2269878.196634053
2022-01-24,2832360.494318237,1771927.8552784103,1506088.1721040492,1667869.2565811034,1925182.4739771031,1504423.7225765344,1858158.4683111086,1281291.8480877513,1869940.9968852939,1806961.3038462908,1692494.5165419804,2281068.4404511163
2022-01-25,2805263.3932074877,1754397.5783571992,1489563.8602227732,1628030.0685368355,1889481.2302755085,1478579.6743679189,1823654.4699947163,1240939.4029890962,1857781.2304666806,1791997.3152872869,1681328.4818138604,2224400.098809693
2022-01-26,2808287.135913688,1759652.0500105217,1473320.6060822753,1596004.1500097786,1861530.9181527584,1467812.5955111892,1814130.0454782795,1218491.7805811092,1862358.6763791996,1794792.8957980752,1680912.7508365472,2228116.5162183153
2022-01-27,2921948.479448243,1802732.172114294,1502897.7720923098,1635408.4594581088,1916476.323873758,1502703.7347269827,1852505.5696791823,1252264.817263822,1890096.8258032533,1831194.9907127768,1724515.2683768473,2201445.7288988107
2022-01-28,3066441.633906994,1914228.909055866,1547238.301283781,1716903.3637377615,1989876.7896444295,1541762.7015911038,1908868.895637528,1310216.2458495456,1985862.2814107556,1917023.442097615,1815674.988753271,2272426.583983403
2022-01-31,3071912.542197201,1949263.9062518934,1559029.7747324225,1741155.67777733,2005862.6576484079,1567877.4271083244,1944398.0054132848,1333203.909992431,2030274.4742997074,1953120.6380177871,1847167.978029888,2347170.989130166
2022-02-01,3045884.2192975604,1915943.9155919796,1579903.0674722218,1748143.4254517262,2004464.0722823949,1571945.0967785835,1953922.8438506352,1336281.3581799036,2022026.754068564,1933079.518513163,1819198.4219406894,2361261.810222443
2022-02-02,2921593.091215839,1828471.7995388557,1543191.8568956023,1723570.7401131142,1950273.4383772905,1554681.741737193,1909833.8844398006,1331184.0876573804,1966209.8600172668,1869257.0592069982,1744326.2452920454,2380136.6724131657
2022-02-03,2962339.5055557336,1852662.2438955405,1553043.4021860599,1742115.6184680155,1977946.9150600878,1570026.658938913,1923923.7232795951,1337732.3785776012,1989534.722630658,1883122.5075009475,1777245.484856907,2279736.9046067335
2022-02-04,2961809.5246788473,1859271.969308563,1552192.2738381256,1734380.2046434286,1982936.6126500654,1557674.9738278931,1919509.3027082894,1331401.7125645117,1975916.124825781,1864475.3321017113,1767332.111438851,2310116.279480362
2022-02-07,3004279.951235583,1889020.4589529412,1554126.321016005,1742763.5506651984,2012836.5583673061,1544857.7914730685,1932258.6313675954,1332319.8993172827,1993075.1499781732,1870753.085395014,1775041.6370575998,2290763.6426386856
2022-02-08,3138961.056971282,1960078.7780426329,1594991.5087248366,1812664.021160372,2053025.4387633775,1594007.3085753128,1971179.543986209,1375435.634293921,2064801.0511502174,1911344.2667476898,1827796.614051251,2318398.269694272
2022-02-09,3077128.1895823437,1908982.5287031694,1565339.7002429962,1770304.6730397092,2008380.9068593283,1568378.544013593,1917110.3775101998,1340166.946721986,2024765.7556154507,1877417.3986546285,1773114.0186365452,2367122.68660424
2022-02-10,2980254.767384561,1835301.750379961,1503732.9459324402,1662131.911215154,1936044.740827838,1518448.0918802551,1870949.689081445,1253079.3253379192,1977735.3439648142,1836094.1747977166,1710734.9394116248,2311891.2000265294
2022-02-11,3001829.667357066,1846316.3049110835,1498956.257877052,1655085.7444467011,1937080.0869532316,1502869.754371519,1869835.0812632022,1248521.6205452064,1967396.502395848,1834067.3390542537,1710419.3587164977,2240863.2122883885
2022-02-14,3118245.6264397283,1912341.6313038068,1538069.8606326536,1723718.6766048942,1998148.254621436,1529504.9515969811,1910484.3585029428,1292654.053983183,2026707.610988241,1872385.7213259928,1752086.888471476,2243182.077432348
2022-02-15,3080856.9212486288,1893028.029447222,1525845.7298041848,1699676.4547226396,2004805.7915034713,1519141.5620480462,1903785.9742605283,1267481.9855944356,2033190.6824321875,1867758.0837330832,1748043.3776208316,2298556.6507628504
2022-02-16,2929509.1384957847,1797338.3570489122,1483247.216828181,1634183.7435923675,1933836.3129312876,1471869.270751035,1864098.7552323993,1214435.8485232962,1984705.0493388714,1816196.0448736912,1686927.2248881191,2295855.6580140633
2022-02-17,2825063.3640592173,1759545.4387209807,1470742.8240357228,1600952.0789237625,1917866.4869348614,1459879.6531628375,1858775.4587860738,1195731.4102179385,1965618.1660272903,1809488.076332574,1669906.9626553208,2227956.234490939
2022-02-18,2761901.386220246,1724629.0442845013,1457697.0878192973,1614205.0432372787,1919811.7019707155,1459256.7015965378,1850013.2539576353,1214659.495742012,1919959.4426033793,1774257.8331495004,1646582.0706290829,2202456.547761882
2022-02-22,2737984.3898797175,1717114.230621455,1383107.5223491308,1581841.0914946662,1869109.9417173106,1445182.318984682,1807906.5656866154,1194226.6751207127,1871559.3599836042,1728577.8380427933,1597518.249176377,2180602.656224404
2022-02-23,2910910.1154520586,1807907.0167722008,1439410.1227169775,1641548.4514899573,1921136.642398835,1477781.8321353307,1853595.2186897143,1226260.4917749364,1951823.2633323923,1783171.9209548347,1666374.7898371061,2123833.601160415
2022-02-24,3032718.3539205925,1867281.8025808253,1464902.219434701,1674028.4663150676,1959259.6080225413,1515552.507687216,1883062.082372679,1248299.4228916236,2005380.98680716,1814105.031865452,1689697.9895126298,2196974.5749271787
2022-02-25,3071623.5189055055,1871513.6929578355,1465490.6933193451,1673450.4061335234,1949257.3873558943,1528192.6931555837,1890114.779140044,1239588.6744666658,2049980.347633999,1828696.6938907711,1704649.124389586,2230694.8412466296
2022-02-28,3046124.4237255785,1843680.1908963511,1441086.1944670195,1676464.3200393538,1936980.7858914922,1522875.9370482273,1858473.4880739118,1245849.276803802,2043807.219272988,1810347.4296559973,1678836.2756099198,2238343.0738258557
2022-03-01,3087594.165086744,1872966.5400191124,1455612.7367719738,1686408.7113300576,1974983.0147222648,1532647.8326476107,1892180.8168428666,1250114.543010704,2043841.0960732664,1827040.994339251,1691530.439393513,2201898.4787206817
2022-03-02,3018811.0200834866,1838277.1757318408,1441038.264209861,1675199.9822592316,1955696.811408402,1526375.5188083635,1876963.802180297,1252981.0950447235,2020774.4750229013,1798959.6113489408,1655344.182380877,2239267.610762887
2022-03-03,2950327.1926020924,1796048.1142427186,1417905.0443358778,1631203.2449395047,1922842.6261315763,1511790.097943426,1860074.4267182045,1223407.697610154,2008607.4841323032,1782534.1231761666,1639875.1089337713,2206492.146886228
2022-03-04,2811861.0035678907,1706205.7898069404,1359714.598047843,1586098.5558443998,1828057.8950554922,1472907.0415909358,1803588.2667366664,1193946.637737765,1974278.5643901448,1727399.6919574006,1575394.2082942298,2175461.8194033313
2022-03-07,2799523.242487085,1688363.9642229236,1356077.312995984,1596262.9025177788,1829654.497442488,1464809.4336786144,1807754.516354259,1184906.197262264,2014292.9139523664,1716026.590080233,1568274.3961142155,2093955.644027794
2022-03-08,2927494.9707755917,1758729.336558995,1397301.3968281683,1650029.3389853816,1895665.9830370327,1490947.2496357162,1861399.3412113609,1224939.3316033597,2054492.644690801,1768149.744545891,1621540.2477744645,2085816.8940932346
2022-03-09,2849916.3430074523,1721050.1009750753,1373813.8151504183,1617194.7844489017,1886714.5797992195,1480747.2289732255,1845448.7709767849,1196385.6416478872,2044540.368076928,1757021.9260093193,1608355.7441974604,2160427.7311338503
2022-03-10,2778059.5947229,1674172.736264115,1352508.8047280933,1563985.600022531,1857056.739421143,1435903.9484023987,1821437.4059122144,1154817.4099237856,1998983.1037014788,1712583.2281153195,1561558.483179013,2136657.367563001
2022-03-11,2726366.491450537,1646830.4708419489,1337194.9799438247,1547099.2667572482,1837531.0266763354,1420957.9049651276,1814688.6907591135,1157990.6163044912,1947997.4977042614,1686452.8214508963,1529598.395644427,2091196.6182397844
2022-03-14,2849836.7552027865,1712839.2434370564,1370653.3168253764,1589466.8257807132,1883589.306482652,1440984.5845997205,1858579.9882579355,1185083.4611936652,2002789.4719888333,1729755.9925711087,1566771.9656865103,2051077.8255296552
2022-03-15,3022393.8169361087,1816182.7901673438,1418491.719544695,1663810.9825650114,1944379.1442892759,1484704.4262126219,1900375.379607182,1233495.1780879942,2068103.0093704327,1780990.1681155171,1629694.5707830214,2115836.249186501
2022-03-16,3110088.5083662816,1873059.2562941753,1447659.5216530107,1709476.7931169895,1974410.034407625,1536244.6135062734,1912456.2047392663,1270239.8000001991,2103093.750215076,1822753.4636675192,1680138.5953282278,2194163.657162298
2022-03-17,3175101.6637874944,1913425.368897213,1476808.6667153928,1743096.932576464,2008398.9055595302,1552776.7745078944,1924925.576637517,1298109.9125340169,2123520.439717543,1841026.230334866,1707617.4931715028,2219601.933267839
2022-03-18,3154536.2662361567,1889794.6525740789,1468873.5304317067,1743539.402984776,2004249.082388085,1577093.783705567,1913990.2382082995,1300244.1036339637,2128292.95405456,1841770.5169860893,1708841.6044057999,2266998.0383911585
2022-03-21,3231015.6569157974,1928693.2458834727,1496164.6159153418,1763706.8290219563,2021900.2150296937,1585590.3112059475,1935609.1885204518,1313942.0562045332,2154707.738685468,1868915.7695568737,1735666.1558161906,2260082.2810239177
2022-03-22,3226454.9092748757,1903766.3571775565,1477109.0009004013,1720535.8045139026,1975835.9689996091,1579340.4107526268,1907793.9506533789,1279868.510518331,2138454.429343664,1836058.0253668332,1698432.390730691,2303824.76110116
2022-03-23,3314024.845459584,1945170.0748757934,1502313.1578898022,1750496.8341158526,2019000.9228010538,1598718.651421262,1947753.7625792727,1294875.0091446363,2187528.294275121,1866875.7236763653,1730170.451167987,2271316.5869633537
2022-03-24,3242022.8557816963,1912579.0768955555,1506175.2744912922,1741819.8111085352,2019281.112977709,1606797.7212564459,1951004.23888961,1292076.465150261,2183491.24978241,1868537.362805691,1728681.382097512,2321331.855179625
2022-03-25,3314724.0388443503,1956557.3996294476,1519642.5495700429,1765513.4647275282,2044855.4769922253,1604869.991254499,1962607.5276891973,1308360.8623362724,2193531.632625247,1883027.443792637,1750383.1460504334,2319542.65666349
2022-03-28,3384319.3859729064,2005274.960292578,1545741.7482070746,1813697.2727895868,2084280.697246724,1626327.9415164636,1997960.0604192484,1343497.335906843,2235619.211477743,1920725.2960698272,1786828.350951067,2356187.1433482086
2022-03-29,3319023.459312889,1962173.756068596,1527280.022541221,1780378.0580754338,2055583.704232088,1613457.9119533047,1976405.8663914574,1324606.32225981,2203653.1661297954,1895036.08161124,1759644.3063839292,2395791.775612951
2022-03-30,3271169.6329649026,1934612.1603112053,1499653.965858685,1767007.5549368425,2040331.6798427405,1598123.4343145734,1958606.606604394,1311382.6070950334,2202877.4273296497,1864071.4129071336,1728104.533031325,2369416.3733925577
2022-03-31,3302823.5465886276,1943333.0879296083,1494361.4210766396,1809315.142193213,2047529.4446670231,1628361.9065454882,1954523.9983135667,1354057.1184861525,2207561.2920636465,1856383.0677027418,1724059.4954698395,2332776.799557721
2022-04-01,3381522.347151063,1980644.189082841,1519366.486582021,1832230.841901664,2067104.9870659607,1646512.80413009,1974653.4403930246,1362369.5681215897,2266229.5273240744,1905238.396904509,1767777.8027023228,2336348.594947963
2022-04-04,3302528.5863482496,1922911.709497031,1491674.4514656875,1806401.8137113373,2040628.6777181553,1624301.985883522,1948342.8282946364,1350915.370977751,2219098.395299846,1860020.857528405,1718821.456241134,2383255.717981537
2022-04-05,3229278.298654163,1883354.7775762198,1475827.0081832907,1776738.736851498,1999657.1217440602,1607412.4583814824,1930996.5784598638,1331290.3300983445,2199339.882965046,1830650.5748553355,1675844.5439664377,2329970.4875896038
2022-04-06,3254758.930197079,1891297.5220145711,1476033.4468515818,1810389.000084541,2008313.684211465,1634920.7312478132,1933902.5179092197,1358722.713936442,2220663.5580505906,1843231.7063107318,1677328.8079941496,2279387.7852120455
2022-04-07,3204783.213152942,1868004.4200670286,1465351.9872442097,1777044.4961312506,1983216.3406935718,1635668.2457035147,1919187.721973858,1341424.9885610242,2184707.227001952,1832674.0312550145,1655942.8719217926,2284563.1655088463
2022-04-08,3123843.8454701905,1829591.6344834005,1446123.194329205,1727646.8696421487,1949087.2347926646,1590686.8629902662,1895943.6338039585,1303373.3870332835,2137145.861945592,1795726.5436596225,1623305.8248265828,2252405.6460313154
2022-04-11,3101376.1895715087,1823543.187274254,1436444.2752045507,1701324.8495486146,1946315.2403961872,1592604.8082656704,1889533.9942150733,1283401.246881584,2129191.1492282334,1788267.1821918825,1615317.9672183364,2199417.643057199
2022-04-12,3154861.2459409446,1855528.5093374439,1461469.9895929894,1712361.3827212655,1991029.752412574,1604279.8856785193,1912070.8700515756,1285375.5606091383,2168180.1728932746,1818115.4380311319,1648865.3041912494,2191561.842570489
2022-04-13,3044948.5123463264,1799115.7359986738,1435056.6630916004,1676524.0036737,1971936.3078159634,1577067.4327487063,1880449.3573956212,1259215.7011458199,2138015.67997503,1781768.8284856721,1614831.9149540768,2235117.173772567
2022-04-14,3051471.751830557,1806170.6669640825,1432102.834135802,1676924.3406151442,1976595.173793898,1577727.1349835668,1870546.279336372,1255381.6406867658,2135846.561319486,1785793.3015824244,1614352.8909145815,2184168.1570257363
2022-04-18,3138560.703244786,1869472.6877092267,1476717.0027262073,1711403.7204812684,2018110.4161605537,1593655.8708157863,1909574.4789804667,1280606.4589072024,2175912.9969714507,1823383.8073674082,1656016.5296716164,2186927.182813746
2022-04-19,3066756.0536148353,1766685.4639507986,1472337.0516869635,1701210.6585414677,2012353.7926954261,1609045.3381973966,1897543.827901224,1283515.7168316059,2066073.8181933097,1711486.4089433393,1548815.9289497142,2234011.9360758397
2022-04-20,2945576.110048251,1712918.944880149,1448081.572799103,1644129.069499023,1964339.8501453183,1567932.7591894914,1873755.6408148722,1253150.2065577237,1975977.7095455576,1672344.413604715,1503779.874289728,2200725.689338087
2022-04-21,2868268.368655674,1661123.0961953127,1416810.5733300094,1589429.337171811,1912497.4298018538,1504976.6631418776,1830882.366338896,1207407.489824518,1933576.6671105903,1629437.276118263,1461328.9134948398,2157008.3876164863
2022-04-22,2945718.5472758245,1696226.7349553676,1435385.0937019766,1587843.5058332717,1939466.1698182917,1495962.2164019193,1844813.997450002,1199245.4744617096,1948839.6029356169,1634944.4390224481,1471616.6344636641,2099849.52861973
2022-04-25,2867873.7267829934,1643303.0828793035,1381500.684074801,1511821.1621472503,1873317.8815529114,1445203.8272336992,1790942.195344735,1137036.111172281,1903442.5015307912,1583298.409035073,1418835.0206759346,2127573.661659091
2022-04-26,2898144.962777748,1643966.048287238,1395345.4404232677,1508579.8927108198,1888720.1281279721,1439529.0350110068,1796042.6361958312,1123277.2630706837,1932405.0962733887,1570730.9863302917,1407938.9299829698,2045272.065182464
2022-04-27,2969788.5321700703,1692236.900092327,1431862.861432209,1544773.321902875,1957343.7948476665,1472731.6876751487,1839813.5700621726,1145062.283048039,1924963.016251913,1576225.5467126544,1478102.01892664,2044273.8354972133
2022-04-28,2847057.8768457607,1620749.0252270084,1388689.7351138329,1499098.6258816456,1865004.726561956,1433019.9405662315,1774035.1346173543,1116585.8567230874,1871091.8433000352,1520413.9065006007,1416116.5651274594,2115443.2211959995
2022-04-29,2896061.048298141,1661264.6179964282,1408452.8881987548,1526702.2071204234,1886996.069037431,1447121.5874413224,1800477.586042048,1133279.185433993,1903031.9451428307,1547758.5084324195,1444272.9405125724,2020918.4542147724
2022-05-02,2904824.975434102,1663527.6741234295,1410267.814225131,1532570.1432322464,1871995.9719993721,1471419.8244538489,1812415.6446313136,1133694.43004342,1931842.2319175738,1553803.459251496,1450863.484762954,2055669.9584296138
2022-05-03,3009230.091904835,1714062.81746194,1448237.1860940356,1580656.7982874073,1934382.6208707786,1516329.9546476423,1877643.064617503,1161470.6025642368,2018548.9068236526,1610338.9694438241,1507190.9597115552,2057878.8985574797
2022-05-04,2818082.808298538,1603751.227277679,1381823.2451684931,1501126.2103211724,1851577.609544364,1451930.2150040597,1805675.8382119471,1103400.9306695096,1938358.573962167,1542556.877765057,1442814.451650082,2127965.154384005
2022-05-05,2803466.6726545203,1574929.1633327347,1337443.9588208885,1349394.6523641825,1797605.1488121909,1372068.8009404968,1786824.0148761927,974706.4328988853,1885684.3307306229,1528339.0779526017,1416550.0735451712,2020250.3066309197
2022-05-06,2577867.7241471624,1450415.0886306483,1286367.4192018316,1231747.4520670946,1714711.9627882137,1256327.6561408327,1748685.2042236188,882998.7616451855,1810223.2995792762,1470792.6793848982,1351263.1903927866,1995565.0782962423
2022-05-09,2605888.6891732444,1479189.6182710803,1292189.3384539387,1234562.6475503384,1745980.434986323,1261917.9934394103,1762082.819843695,883737.6245976177,1826887.9457401123,1492799.5321682477,1367150.2647944323,1916045.9971711198
2022-05-10,2448522.935353579,1404253.1510916569,1276653.23498423,1188630.8712794352,1702340.930955805,1228117.5845858867,1726885.5622983456,855450.9788519823,1765614.6128184046,1446731.9027039714,1317603.6613585425,1940907.4739952877
2022-05-11,2478484.475006124,1441498.3017604875,1293212.7500841212,1209843.497845138,1700254.144155918,1243138.9990780419,1735086.2946746685,869360.0208878019,1787757.5721922354,1471185.1365277232,1338897.3339746012,1881434.3556513358
2022-05-12,2626635.016039696,1522277.5169915832,1348783.1656289508,1293123.6195146348,1762113.72706795,1307002.889468579,1778856.2631283025,924393.2026741925,1878209.6677758892,1533337.3407029535,1411793.4758130738,1877966.3442148354
2022-05-13,2605244.908317412,1509403.3060259789,1338951.4196152021,1282050.8017718443,1737252.870091895,1294823.9792241375,1765784.4490897227,921576.1476384199,1851006.2490432106,1512658.4293456385,1384716.793480943,1947438.033226525
2022-05-16,2701195.0580531624,1564769.4242026126,1371775.5311418998,1335302.201745792,1779103.7394632548,1322795.513763913,1810527.14290294,957157.4385082945,1890218.4136835637,1538429.742522913,1411582.1066436756,1924827.869860449
2022-05-17,2543825.9850227833,1471537.7758914332,1321533.808953949,1302382.2905693366,1702960.4822678212,1284705.825062076,1726032.1040790614,936944.5982006562,1821946.427382792,1461652.9725399378,1348923.25141749,1975217.128773932
2022-05-18,2601007.2469951087,1502429.965349956,1329714.398838718,1309141.6283715793,1713272.3110223464,1288427.9621681415,1721252.4169129226,936854.5722463703,1856515.6267319957,1476175.8151922305,1373195.402086696,1875263.8162004603
2022-05-19,2581777.505087526,1507185.6716032722,1334848.203246724,1320167.2312988725,1722006.1329934897,1290797.3743934177,1719558.1526960023,945998.0003838093,1859454.9308819568,1463258.7961188543,1373935.7314571503,1866981.979513109
2022-05-20,2616400.0407498335,1511115.0473549003,1353387.575142108,1330945.546404321,1732465.8080439568,1327689.6776102467,1731102.7970477967,953023.3067948215,1878697.8494433865,1472081.4703623322,1367554.935330444,1860691.9963994953
2022-05-23,2521312.5278487224,1463954.4960475944,1346816.0415615411,1299431.0662157629,1703946.3115286548,1307895.3313570933,1717361.182446814,935325.7744704081,1864537.2484355501,1462918.565059401,1340481.317913458,1891923.597200965
2022-05-24,2563662.651470395,1493503.3871636614,1366164.1418697778,1317596.030605585,1734862.4422090286,1340143.3597703725,1741878.9695717688,944264.5006169342,1902495.4739890283,1499484.9375652906,1381094.818504717,1850350.6009259801
2022-05-25,2666592.5618451587,1557899.7918932422,1394141.5800791378,1343526.3351978047,1780404.3399254458,1365843.7681421766,1790839.8310267888,954697.3850567706,1957381.706823134,1541489.6564410233,1416135.607000342,1877719.4735083014
2022-05-26,2752546.024952048,1603265.1306035575,1427476.3435219245,1411163.9908387028,1809109.3777147478,1423943.3938265084,1831598.6893577692,1005234.1410607041,2010698.4665717436,1594603.0184104745,1482621.3670820524,1930048.8475452103
2022-05-27,2709543.6283728927,1572010.688392781,1411470.58903912,1350827.5789432572,1799015.260844377,1381435.4326345474,1825514.2769890805,947841.3836878972,1993594.976001577,1582062.2014392517,1474633.9354411117,1993661.1954406912
2022-05-31,2672858.618669096,1545594.6119646486,1409779.3538238672,1329808.5136618416,1779782.2468216533,1372503.225454245,1815607.7211594256,931470.2782339298,1963330.7194244943,1565673.4138583571,1464886.150959412,1987479.6020775829
2022-06-01,2804887.414204076,1618578.7599708922,1447816.6862033186,1396326.738137647,1842047.9371479824,1410674.5704045908,1850397.8707391361,976799.852105233,2036654.288471718,1613598.6516512837,1517523.481376935,1972742.7412259188
2022-06-02,2717889.426168106,1579569.2390778274,1426880.6967120809,1331741.0600733226,1799730.3407104982,1374308.7796013406,1824398.3836249716,924597.71207347,2007193.7315600908,1578552.1859544257,1480091.2843833377,2026906.6041138056
2022-06-03,2739233.875381149,1590434.6582368235,1412594.9182505214,1319179.3114983793,1798858.8949041057,1366296.549090871,1825317.1280324284,906326.8887965772,2049278.4107834839,1583913.886188732,1482067.459581111,1972690.8492490477
2022-06-06,2786472.1340402234,1610671.4806453304,1429880.606959285,1345018.0484202239,1809888.699046831,1398162.2125337766,1841353.0704008886,927716.3243215347,2063886.5232001562,1590286.3558565516,1487572.522753232,1980802.8855623777
2022-06-07,2753431.7523358664,1600877.7106620825,1422878.1091654107,1332410.9256732014,1789675.9526714706,1397016.1440086486,1826497.597730241,926406.435481508,2037940.1569067256,1579230.1232522738,1474491.9422035306,1998418.3693913487
2022-06-08,2626389.824707296,1547580.306663677,1388597.3484960545,1285410.4571444409,1741978.4821876937,1358748.2087245786,1795203.4533997888,893573.0597842255,1999078.5809364263,1541432.1516227468,1428891.3228637911,1983239.6591034879
2022-06-09,2519116.14102247,1478716.0930496643,1351826.010524133,1202761.4683500594,1679834.7369618209,1297381.3050948435,1749743.0047953692,825642.464025591,1958527.2351807847,1493246.149673646,1380896.439461654,1928946.8339062177
2022-06-10,2364096.331021466,1392811.127454542,1293790.7289782865,1138944.9564184395,1600154.4733605292,1238419.0081529573,1689623.5888053016,787849.8185205789,1851877.0418701128,1418122.5424643673,1296450.9732485146,1860251.835755445
2022-06-13,2348074.207390719,1389967.8782420452,1289924.2838898688,1123643.540101456,1589877.2042977405,1235900.0645158696,1694460.3230890406,773074.435503208,1854839.5650584863,1417325.6081261924,1290289.876491399,1774650.3394241927
2022-06-14,2437948.6939965654,1435566.0481526866,1311541.631591741,1153118.953498011,1622284.7582293353,1243236.62800606,1724832.0612439134,789354.4006405884,1902590.4565962446,1445127.2610871638,1324649.9134710925,1778324.3835025886
2022-06-15,2306854.484681115,1359311.597161037,1269125.397520891,1100483.9401069554,1550309.8351465522,1177282.904027504,1648206.8432310564,761756.0391543477,1796902.4137118445,1373823.945563124,1248779.3935565958,1822670.3764824332
2022-06-16,2355154.17316841,1374103.1715506369,1285225.7496817675,1115694.4478097265,1561848.5902044824,1150821.569398839,1665371.3090456468,763183.2848621794,1844989.0037447133,1374349.7174117172,1257527.9206380465,1749378.6396349384
2022-06-17,2431274.1437717294,1394178.6051702737,1306522.8209133707,1120532.069688624,1575420.5446030102,1185645.673248141,1702351.0922004576,753666.9316377618,1898611.721577762,1402246.3004518233,1276302.7711297753,1771139.8011309074
2022-06-21,2452617.3511122977,1401148.469965013,1311032.744376368,1114047.2093564488,1561336.0120595228,1161831.1434303662,1696284.9395823209,748012.4362289696,1903322.4073778763,1410519.3699932897,1281802.1898141024,1815279.914995415
2022-06-22,2504687.3592219274,1421154.3733210284,1325301.595690011,1160596.3518125599,1574900.4212928717,1174529.9660061114,1709970.230955495,786125.2917512587,1938460.3307340525,1436993.494378797,1317496.0645574194,1812285.0724131044
2022-06-23,2590133.2106091003,1470810.364703487,1365690.7197938308,1174498.8029685242,1635001.7148124173,1189540.6939432235,1758189.2380809672,792664.09272665,1960842.6188395016,1481825.3214449368,1367728.3877888494,1839006.216443892
2022-06-24,2577870.387971987,1463096.9722783072,1349753.6724355763,1176203.3020707956,1630026.5306018468,1198174.6702709787,1755170.86146535,790700.8922266338,1990209.4734008485,1476089.2208629658,1353789.487902943,1903175.0981149855
2022-06-27,2469603.922235272,1405231.2771043337,1312540.4074270371,1135019.336191758,1598578.3340265495,1188457.9028061305,1716701.7291989906,767769.5171451165,1921982.3428097968,1441015.9194105393,1312057.872084922,1887829.811510838
2022-06-28,2462161.9972393634,1394484.0956776063,1306312.950159368,1123371.7816004148,1594155.059335652,1165257.871564225,1709860.5293973293,764775.0547386223,1899399.9121416283,1433354.2795034535,1301253.5292736236,1829587.6691152616
2022-06-29,2441438.6120885513,1373129.8344939211,1296463.2549856093,1122060.9167915115,1570064.07988769,1154560.4428477616,1699638.000753257,757033.0080902228,1921915.9695579882,1416226.702995799,1279746.292285413,1832808.9633717872
2022-06-30,2468409.371635024,1379621.7539744005,1306043.1270875572,1138318.3935396923,1582127.0300704313,1174391.8697705625,1712006.980093457,778627.5714447433,1931858.8243829599,1429707.4356026205,1292212.0324086146,1808513.5389698767
2022-07-01,2514720.126803638,1411946.5157011696,1320393.865487627,1148040.0646263745,1593215.391662403,1165089.6243039616,1716462.0490835654,786281.7183439846,1929613.4954983264,1442513.1766072784,1302015.0903313803,1821398.5624694193
2022-07-05,2526786.459432205,1414836.3980490167,1322753.2033850125,1161012.2447197575,1600593.7930636262,1159058.0342971107,1725092.8115388807,794377.0251084586,1936994.522520737,1441944.3312163635,1298327.8688944452,1851932.2315346317
2022-07-06,2583051.5618221015,1457351.8579586113,1341301.6510713184,1201874.2929670864,1629351.2517980481,1198143.3113293564,1750467.3476418508,819201.0931453443,1996136.61759758,1474653.4797540295,1333837.7134627327,1863359.8274115836
2022-07-07,2589563.839654467,1455756.663243061,1342715.6456703905,1194029.3876743873,1631240.5805030619,1190076.1972517138,1750039.1200303813,804001.4385360051,2029317.845304536,1472853.3544609442,1332065.6580813664,1903678.2046481394
2022-07-08,2511622.866313505,1413980.4378568325,1322735.1621221185,1156330.434775318,1606790.3543409242,1165700.3154578728,1715550.8895213797,780467.289832354,1977025.007932959,1443475.2705716044,1302068.2402980933,1906294.2972099157
2022-07-11,2472449.2394754123,1404135.4760428574,1304899.3106103672,1134141.126618059,1591459.6653640561,1144242.3178157439,1705302.3585754717,774591.1306703667,1921743.4892632312,1424725.5914237786,1274442.0619204054,1864568.8490620526
2022-07-12,2474784.6770009375,1399867.436581822,1299157.699287062,1115467.061087319,1597155.5202696323,1131414.5643642668,1702777.0006670223,753953.9766522242,1942512.1759505882,1433966.4036588795,1277346.8814252838,1846443.9641110175
2022-07-13,2493870.898045544,1409120.4968626094,1291737.6565372893,1109711.5459696841,1605443.561172639,1115810.4897276426,1709687.1820695926,744170.702654283,1962487.058982382,1435084.0608098074,1276559.3307079112,1843856.2739626172
2022-07-14,2550483.411168381,1457788.980235974,1319789.2808710085,1155864.7692747111,1644470.9678130874,1155145.9999963248,1734634.0182724858,783746.2346297142,1985713.4393766928,1471313.8404671026,1314688.4532196468,1850124.302778324
2022-07-15,2546303.230303453,1446380.544502784,1312735.1638662138,1155310.7074791314,1629043.933648726,1157192.6299971568,1732310.1864827336,774807.195621476,2008859.9343369156,1467177.297810599,1318469.5575607358,1883959.253437191
2022-07-18,2628770.1295208917,1508468.0805863414,1357509.6403401662,1199305.3964030575,1688210.4079934137,1194192.2023258437,1792498.6845031609,804125.982067648,2066807.0551382338,1514243.4920653107,1367087.2809331068,1867275.9828731914
2022-07-19,2693982.0430154437,1548301.216869045,1362151.1118808354,1230077.8429403065,1711702.2085012868,1214553.7827829297,1803225.4533968375,824877.4506076877,2095672.6124661586,1550784.3995145985,1417757.54784143,1925745.9586820113
2022-07-20,2719068.4195962152,1574074.4552597997,1382055.0904717622,1254449.878360306,1728428.259395347,1224578.1399531863,1814987.6603756829,847399.5954446691,2107715.8086179667,1570824.2969942153,1437544.2685183769,1955656.9240247726
2022-07-21,2670334.131082787,1540236.2678329858,1358817.7848498407,1224609.5969027241,1715412.8269413903,1203081.7333836185,1805328.4648461046,829486.34766066,2075091.3644890038,1555862.109685051,1417030.721708869,1983912.566010663
2022-07-22,2678905.5601048567,1539175.4984340712,1360022.18055223,1221336.0381015092,1709170.543532965,1215667.417679456,1801365.6231988731,821023.9188014078,2096916.9185615347,1554546.3095652403,1419150.098533439,1948863.8343780048
2022-07-25,2631483.020998439,1515693.9942649615,1351822.2942760072,1210921.222175667,1685933.550375238,1197268.852881011,1791236.0698657779,818653.809141705,2076345.2892364084,1527521.2850714237,1395004.7447469707,1938164.1079162746
2022-07-26,2798123.5227964157,1592443.25328114,1431001.9806817288,1285931.47883856,1770786.7492179456,1240706.8190631543,1858409.6052970327,848848.3309432667,2228566.2898505004,1587633.1915334126,1473726.0965207089,1900196.0687682303
2022-07-27,2859157.7050320557,1618722.9772661803,1451781.7650490666,1328739.1058695363,1792563.8936586836,1260097.9737326468,1897468.1076240984,869583.807531346,2312848.4806472533,1615871.5078133717,1508171.2173978887,1981092.1295991375
2022-07-28,2911098.9855766515,1639762.547370876,1467666.2756828177,1354641.484239337,1823366.4306489192,1287089.3433748775,1915489.8792696698,882031.6274187316,2356480.3848772002,1640131.7685784975,1543602.5751884303,1999391.5742475165
2022-07-29,2904312.5118354885,1624784.0405741897,1451458.8295486986,1349770.279886452,1823164.9617289137,1279051.183282433,1915562.4728674137,877070.1055855638,2348490.20977627,1644766.1510889472,1545745.0991165496,2035565.8090826618
2022-08-01,2936903.2525107665,1633272.3312695543,1447242.7097995663,1367323.596609566,1818300.7121222538,1287836.94804624,1907450.4165055216,888056.8619813854,2378272.569312066,1641420.8497283326,1539966.9272943477,2034435.546556852
2022-08-02,3012230.1018707165,1684378.8383413071,1477217.4179472749,1390551.1394788472,1859775.5783636768,1293113.103905277,1930360.0523364716,907827.4853003348,2389168.216369858,1662378.8739686487,1562953.8616723458,2028275.907491651
2022-08-03,3166337.116219758,1747476.3474512063,1486323.5472628206,1409848.9403899058,1868142.118221976,1276717.446350277,1936880.3025394368,915380.6092236945,2403171.7851445857,1666188.13739008,1573037.950168987,2083560.8213118198
2022-08-04,3153753.96621828,1738841.7547095562,1485872.9575010478,1400425.1039834921,1862076.2577343276,1290878.0715968744,1930284.5214212155,907903.7065338794,2412902.2040484864,1657928.4381721704,1567238.7250226736,2092644.5272157297
2022-08-05,3119863.312640934,1739571.8900400563,1479226.65254083,1381127.1816940627,1867453.01540696,1295357.7862016591,1934974.5315945095,904601.0237744742,2381827.4563355013,1667013.0866459275,1569094.6287323905,2076396.8114990164
2022-08-08,3087265.2939393185,1696943.7949366209,1461317.2477795125,1345801.8630607948,1844874.6982921907,1281897.286502818,1923883.331316407,875543.0537664186,2385064.53309725,1653779.4453994895,1552391.1493859477,2068767.3091599627
2022-08-09,3207100.6101030526,1769262.0332969576,1496304.7130801897,1408997.383312952,1890309.7807213352,1323056.565908323,1957272.1460724294,919136.1286892218,2451635.4281472987,1698724.5870780447,1605404.5647445857,2045029.9537992524
2022-08-10,3149651.3882444636,1753562.9036463224,1485149.099803069,1398525.1646790477,1875795.4364463217,1341256.1091782816,1946897.2691970018,919796.2046462009,2415070.8250518357,1698224.6350577336,1602877.64079255,2103221.739483546
2022-08-11,3246948.652809504,1805263.0590603617,1504610.7649066832,1357502.2603388207,1915244.27316446,1316208.990325543,1978197.96012726,868540.0353867242,2460667.543594917,1737652.4745539883,1643287.900302996,2089649.6846334194
2022-08-12,3262447.240226834,1819148.6695365747,1514824.3996932146,1414409.1400975615,1935127.7495316253,1349245.4331096874,1988089.9673755143,923347.5782949672,2475962.6720139123,1748576.1884059664,1649884.509984688,2132706.668625666
2022-08-15,3220050.4917026795,1795146.4484418037,1515427.0068491679,1384657.3489668877,1931791.7212540193,1329412.1931202551,1983369.9779302196,903151.2651871674,2443342.199941189,1741939.5076159015,1640688.667169071,2148633.667361067
2022-08-16,3163148.5112307197,1748209.0568736806,1492228.6993156685,1353919.3230728288,1890934.860740689,1314537.182294808,1962343.4421598446,879934.7137855608,2421695.264249245,1718956.039969567,1608259.7232694551,2143607.668405969
2022-08-17,3152261.568500643,1761494.6062101687,1494407.4025421804,1347929.8625079032,1891382.447633438,1319094.1230519623,1977818.957447113,870716.7753618299,2424951.5757256723,1725325.9650443764,1615164.2362572516,2117770.069721016
2022-08-18,3051478.611183229,1714844.3418601793,1465425.172579481,1310128.198848683,1858079.6659125471,1302598.9754132037,1951181.9172727668,849296.8027250404,2382595.9198742975,1701076.7168353035,1582655.6170037345,2123292.8806203576
2022-08-19,2984276.6852601403,1656671.0777066648,1439556.819113056,1272252.35793926,1809233.1235277657,1280272.040166498,1903779.9530285224,820062.5364422792,2342640.46915103,1656421.5117793148,1539157.4018241235,2081932.211576179
2022-08-22,2995281.9509412795,1664483.9634742867,1431528.4227504223,1273543.3172848541,1807066.2376815097,1301399.3675914707,1901507.3728219431,818056.9132328092,2361826.477440458,1659375.867277423,1538966.9644842336,2026537.2192133574
2022-08-23,3024526.364152538,1682362.7159509656,1430705.9444669245,1331039.4856366997,1821608.0947688401,1338630.1538172932,1909080.9842498777,866718.2377327947,2383377.3557365234,1661530.1394850812,1547252.1525042146,2025161.621246602
2022-08-24,3083093.0073088543,1724319.598260323,1458079.6890630263,1369491.2937273711,1854839.7785354033,1357319.6679846419,1923612.6855557587,892426.5965771843,2415758.1034185225,1680058.115712289,1576075.5454843561,2030832.278222058
2022-08-25,2963526.4373024255,1645471.0976073851,1426867.7715762851,1301762.5112719696,1793991.3056834952,1308241.8009870525,1861170.580612068,845754.2397428104,2337626.2529177563,1621345.7587307834,1513408.3931098806,2066317.946441032
2022-08-26,2937155.9956944506,1634361.9670075567,1413983.0899407836,1308712.1319642789,1773946.3817025747,1329254.5802929483,1841735.7557405669,857376.7130626235,2327282.4035442034,1620927.5144599346,1505446.8519647226,1981673.8417303916
2022-08-29,2896919.2009446854,1615700.968803788,1397805.742362434,1288486.3398024524,1757707.8201530625,1299876.1838494213,1827365.8969891716,840025.0823286178,2311005.8884087144,1601106.6296243502,1487556.7685396054,1962674.930080167
2022-08-30,2874648.555457595,1607205.3577993629,1391994.609436654,1274691.2216354175,1749150.5783132424,1287778.2975665631,1815774.5806004216,827734.8533598053,2307159.907527759,1598292.3345246045,1482938.539034735,1940410.6620510442
2022-08-31,2863779.414792486,1609378.7099773218,1396361.2536545678,1267000.624042065,1744798.445230914,1278117.805697552,1814272.3989394223,825434.7740053337,2301619.4784085723,1605046.7675310303,1483148.878016667,1929300.559097669
2022-09-01,2834407.473235833,1596927.9009138842,1392602.8893742769,1245991.7588459216,1721526.2978930604,1273005.8706499992,1792863.8357590805,808620.5898580655,2278939.0375035745,1590888.6815967818,1469626.6566596068,1929707.7115315795
2022-09-02,2850672.01932635,1590226.3935393386,1423557.288479048,1269258.3543801606,1720268.8199435754,1279293.7889471487,1789509.2415106008,820960.2253833537,2312885.4713606015,1584762.0386708404,1470126.108473411,1902010.292113448
2022-09-06,2937301.9423453733,1632042.9459511067,1452229.1947544396,1309624.5184067776,1761714.2482058494,1292564.8493651282,1828994.4488437609,838551.2544604727,2415423.061639181,1626833.1681096945,1516072.818905256,1888312.345485114
2022-09-07,2975982.303601298,1667943.7983366798,1473806.3283453297,1319945.5899892324,1776264.8332754269,1299410.0327964562,1824146.4071637741,843932.8227968093,2435535.9825408566,1637702.454903152,1528972.313861208,1927313.3113206953
2022-09-08,3027422.642577389,1708299.7664347189,1490614.9821139043,1328223.715478107,1802646.3158252633,1322579.9484637908,1850750.5906950003,857489.5410116317,2415142.26952822,1658740.7580182424,1548210.1346973793,1937029.0860671424
2022-09-09,3083615.7923888513,1727546.7783352083,1498924.2628027308,1341427.620336159,1814171.1615747456,1342258.4313920808,1861851.4314203744,868022.8641173352,2436098.0690496983,1676266.284116118,1567014.1360642565,1979020.1351617118
2022-09-12,2935490.3018874717,1626518.9806387273,1445832.6425093398,1273329.1993557494,1727836.0239169514,1284133.268512046,1777442.1334020738,815168.8458667205,2362402.741630092,1598205.8638389881,1500294.0698465782,2002826.577473877
2022-09-13,2977168.8746902156,1648799.4816211774,1433298.1119092396,1280117.3234950327,1742264.3099460283,1298230.4590639474,1782643.9216677714,809468.5525936085,2417980.638349098,1617722.9628506242,1519300.9949426763,1891819.8132472232
2022-09-14,2940487.016011941,1652826.8723434228,1415112.9819589292,1282873.318337798,1719039.4111841132,1285122.08628338,1763639.6023292153,822214.5956548622,2384071.954955877,1589729.8255400318,1491887.7747403237,1907663.6005877613
2022-09-15,2903135.290417869,1639106.7054535956,1395170.1552428708,1280429.6528189965,1705319.2550356488,1270803.349678746,1769072.2224764442,814704.6019579876,2406958.250573948,1585168.4160395742,1477263.0883732026,1875135.0074176355
2022-09-16,2931894.5054441765,1658560.5962721014,1410388.9263796818,1277197.2800224137,1720707.6256597352,1268504.8348716786,1787087.5348902312,814033.5068363977,2411336.163955101,1596031.3311515637,1490054.1838711435,1864741.7199672498
2022-09-19,2883791.8159331484,1629147.7563028908,1385065.1411107108,1249463.5296524558,1705933.382548585,1259555.0639621238,1769060.482612539,800768.5376888724,2374279.8454418336,1587333.854300163,1475040.747315809,1879187.801516566
2022-09-20,2843064.4141007876,1605752.39657049,1358072.1020930985,1252377.1482685367,1675265.370409055,1251245.8816799598,1743852.1247900024,806862.9828259004,2354931.8805758213,1563535.165626453,1452617.3129747154,1863194.7863608846
2022-09-21,2758046.5031129518,1565901.6779536777,1350995.2201925071,1215975.0771253158,1645086.356499355,1228978.3375648935,1725835.8959181982,788309.5094205679,2278562.204609001,1542873.6016496408,1425059.7350027568,1829590.8931729964
2022-09-22,2698663.519248714,1525045.0889640015,1328164.1046977874,1197657.3029759694,1623234.1376769324,1180478.5439173602,1714620.4492531815,775805.4214816971,2237171.5900072963,1503250.7544638088,1388648.746768721,1808188.2161918012
2022-09-23,2660413.9481995353,1506864.4832795304,1318157.8879070396,1171118.4640681627,1605990.0176215537,1154717.5868086966,1701298.3405054233,754986.6942768801,2219687.4282061723,1492320.9256120624,1376749.6114055947,1778253.6077589865
2022-09-26,2681001.740680636,1519319.610005534,1327378.6656443733,1189680.5820483142,1616523.6676787096,1171089.7803333686,1703643.8609848307,764173.823876328,2247265.8267159904,1501160.4110272566,1392869.622037784,1769272.1505432308
2022-09-27,2762185.8123595626,1639575.0071012075,1450409.129373592,1248320.2651278712,1665856.1105808986,1222348.7118491274,1741151.6191398245,809838.1460222801,2313803.8072766312,1555701.8373032606,1438434.906815017,1772045.300774649
2022-09-28,2660394.458303439,1588279.7276995138,1414686.8446426967,1205647.597153737,1631866.2391188308,1200039.321035878,1710048.1265580966,780595.568025546,2246850.00878035,1528973.9258742617,1411429.3569836544,1806958.7755090136
2022-09-29,2631897.2672877335,1573740.998474199,1398041.9025782426,1189836.031015407,1608746.236402056,1185433.63903386,1686324.4924332974,767247.1591182633,2228901.5902866465,1508254.275905954,1391306.6317666364,1755228.4621045021
2022-09-30,2736644.413270213,1624334.2335585835,1433908.2897723205,1198339.4278055811,1644618.0913659572,1220054.4972665529,1736594.4876752475,763062.581681299,2292832.2580039017,1543141.4242895166,1430464.4585407625,1724798.576993032
2022-10-03,2838416.3732171054,1697062.086631695,1474190.6511445623,1267664.8551156556,1708421.1613357596,1286209.4875543779,1788655.2853256813,823890.2580843982,2329096.299193645,1584594.262437231,1476839.4813036523,1765439.360003046
2022-10-04,2778010.566952998,1693180.4698784174,1475040.5564678672,1288094.0214559815,1722676.6498969265,1322484.672091782,1796021.0346936998,865156.311975338,2246517.2878244272,1587406.2651295129,1480442.9842230224,1820904.9745829105
2022-10-05,2745090.820120606,1688917.4855498148,1480117.5195813146,1263136.2109280424,1704469.2221010684,1316094.3245235907,1779535.5782928097,846373.1250705314,2230943.5888337106,1590083.2340763058,1483106.539844853,1819433.4225169113
2022-10-06,2643563.344146815,1615307.4888853254,1443659.6160539093,1225263.459374836,1646692.2933452746,1290321.9225253165,1729083.150971178,818135.0801184584,2183523.2101158435,1530009.5853219992,1421156.8894872756,1805649.1939625375
2022-10-07,2627771.7756301407,1591104.3148631707,1424740.6956955907,1210982.0297621798,1622936.5005112723,1273471.5698668906,1724851.2614718159,808209.8038638037,2197147.360959251,1527723.4304217426,1405694.8787260877,1735528.241133726
2022-10-10,2580692.8582745795,1546112.4264452644,1414786.0985283384,1191515.6935186726,1597200.8021256248,1256047.1755412696,1718207.8919532099,791979.5441589473,2182511.5127623426,1506786.2186469852,1384786.6095737359,1717841.9815611532
2022-10-11,2545723.9465232594,1534828.3740746921,1406174.0595166774,1180742.291624546,1599904.864244801,1254921.4328956977,1712457.0924969113,788536.0513281632,2161274.153018958,1513446.4707972927,1391292.3521449768,1696520.9807092343
2022-10-12,2583927.8119590585,1572768.1853664662,1438015.4201682452,1202813.3368140904,1626881.5440522693,1285287.6167697096,1745570.7668751923,808025.1491855106,2195260.4635967813,1546703.500718659,1413430.29567063,1695620.2403888153
2022-10-13,2466431.838029666,1510647.7594522818,1408342.272895547,1170912.4235140774,1588250.152647039,1248230.3509078596,1707329.8090582418,792606.8320291819,2128820.117757806,1509874.573687406,1373345.0794955771,1734602.3224576653
2022-10-14,2597686.7960887123,1589016.31518526,1434572.0700386248,1207761.12151916,1642657.290225523,1275023.596350356,1746494.2511167435,821465.0086098878,2170200.392317535,1555330.9927099696,1425895.1319825214,1680911.4748974096
2022-10-17,2628184.9066240825,1598253.920861491,1452973.0867258615,1223581.0231526894,1665598.969025479,1292156.9377796564,1766075.835942007,828280.3006649201,2211356.496323397,1565789.831448914,1441639.9526809761,1739153.617292986
2022-10-18,2569362.0346804596,1593084.901279052,1443235.814369919,1204127.4484287591,1649697.5502077332,1291711.988922502,1757289.4535736842,815268.4374218562,2196109.6823895904,1588934.5294630195,1448481.3132219627,1752549.5771801807
2022-10-19,2566357.5616789185,1590145.9314294893,1429294.1785750934,1218413.690649937,1641096.6746294212,1297915.2059089176,1727120.6765278967,826908.5598029511,2187670.287870674,1575948.4685356533,1442312.9046677873,1745575.6332471587
2022-10-20,2632535.514191498,1651125.543862761,1458633.930007607,1272301.813725811,1691323.6346959947,1348633.3323001906,1769361.1673421895,867486.7957432705,2250550.938577198,1626625.9808847585,1488347.598020802,1736666.4870405928
2022-10-21,2636512.824869388,1650289.120126394,1469207.6785374868,1278909.989863501,1694123.6993177761,1359482.036770423,1796087.8507098653,871284.8520553239,2266001.644273696,1643857.3539179217,1497024.3636632264,1778110.5210061946
2022-10-24,2718490.3747589453,1687955.5018067867,1506971.3852484447,1323323.2928172483,1723424.62254805,1390708.8106120685,1816128.7361416451,904362.3989069539,2323462.1345347217,1681267.468823658,1541700.4960754134,1796964.8106380396
2022-10-25,2725119.0682134363,1692084.94034713,1546390.8237731399,1364336.5206117353,1705569.998626495,1409058.403182861,1815965.1418262848,924550.7889405544,2406959.53225332,1684213.7948251877,1546434.1909975284,1834653.1243959689
2022-10-26,2734307.0365791684,1677435.209417574,1552873.3344362974,1366747.1635403952,1697579.6102577134,1395282.5505865184,1807577.072721358,919831.4954162064,2456499.5676996727,1688594.207211064,1532821.3389035836,1793135.2441555895
2022-10-27,2839767.9872017936,1728945.4148208064,1579914.1105220672,1359109.503937579,1723678.146557404,1410973.1086018304,1851794.4169021363,917498.3440543946,2485344.5958251166,1718428.5279391105,1554916.7684974717,1759449.521311866
2022-10-28,2845158.290864575,1705178.7566214155,1569979.8667754347,1345949.1759103972,1705953.7151802236,1409686.5927177048,1842575.856082163,900749.2068851305,2478057.3472336563,1708921.1191707868,1543890.1970658456,1815193.4795428163
2022-10-31,2847253.256790726,1710597.2237931255,1556771.4739996737,1309836.243446021,1695803.1707379513,1391899.0542419378,1843804.8149510548,871168.9592570687,2448712.4409596235,1698847.7514279734,1534994.3262137137,1793083.3521787184
2022-11-01,2733278.405034841,1647124.7136211952,1535228.5385420339,1265485.951642224,1639839.7244592584,1347606.656703018,1805088.8837317463,838982.656835736,2380865.3457776923,1635552.4760830356,1467407.2842062206,1774749.364054612
2022-11-02,2736573.205571564,1646780.1017503485,1539040.9204403525,1270313.5045092783,1606784.878683092,1346042.572350531,1805922.1439712227,836615.0649268228,2392932.7918805196,1621159.6401115085,1449326.380705047,1714598.733006721
2022-11-03,2795345.638929578,1702949.2252227627,1561650.7607194623,1307275.0870022983,1632587.401658513,1374978.7657580415,1834159.2229256043,875959.4103861679,2360384.356540247,1619309.2839410186,1450658.0755019006,1680681.952692019
2022-11-04,2789164.0947183473,1721067.065947049,1576944.2788377232,1279008.1527401204,1653772.0784123228,1369101.5304012308,1852870.7029593743,856761.2661075272,2337339.291594022,1633996.3793387446,1460446.9393575527,1706846.7164737529
2022-11-07,2819869.917552971,1741053.2965543016,1574333.6254645193,1296000.771142215,1676988.6851836517,1379448.3181710532,1873978.9317507572,860622.8105920738,2388236.4343129317,1651819.1976657608,1482120.3811255533,1725707.300694508
2022-11-08,2755236.0681404336,1687058.4437269897,1549812.9466159805,1284555.3950367228,1644974.8924420176,1349222.2663924098,1840232.2126527627,848621.1847416236,2379213.9390220074,1615490.3378342206,1445616.6726340228,1738677.2243810615
2022-11-09,2946236.429638494,1802760.463931932,1629455.1867881545,1412116.8740225546,1777848.8297099993,1436220.764564361,1933781.8028310323,939081.9282191646,2513589.2137598325,1721465.046141631,1581322.7667775415,1697495.7208309902
2022-11-10,2964334.919329326,1843925.2947419477,1635864.727732203,1415927.549534355,1804217.679504428,1456439.184077791,1947681.280019101,953146.5773574836,2460848.9496926866,1743646.6211246492,1616551.5646198792,1824586.848515805
2022-11-11,2952912.9334595534,1836574.0940826517,1632570.7042345798,1390589.8893833458,1774674.7562705602,1433626.7744987763,1942804.9041013194,924856.1296085912,2476395.3698657276,1739853.242974793,1598875.1499799627,1857766.2407686398
2022-11-14,3030449.3833718495,1885429.9873912127,1644661.464315666,1409067.7045924673,1810945.259200549,1457388.627376044,1969258.5249239674,939483.642527388,2504293.474320949,1774510.1608652861,1642703.8029231234,1839518.8416236907
2022-11-15,2976438.995816754,1835132.2278137098,1633595.0527584471,1380117.2328583493,1782713.4717333552,1420936.5742946188,1959133.0629252205,914828.5746345618,2507058.2654583678,1742891.879843431,1596231.8891863958,1866277.7531879407
2022-11-16,2948659.3239367926,1812301.6408183114,1625576.9239197914,1363896.166268275,1762487.0408784065,1418233.6802261327,1957676.7289563161,893666.4330323644,2521936.8168199947,1722022.6723136615,1570919.1901166148,1839227.9087947842
2022-11-17,2991893.2425695593,1828445.959363857,1627874.1392018618,1351226.5767688502,1765806.532939893,1408801.6549996058,1965530.7141977393,881883.8412594371,2521432.237198883,1707831.2387777357,1551176.4055287703,1835733.1837370545
2022-11-18,2979557.458944912,1821107.7466248225,1617078.2595660202,1356206.9192937731,1752752.1875576938,1399100.8429642771,1970929.5150753802,891311.9840619791,2505321.4631570126,1687477.465005899,1525095.8527793179,1835758.2085661374
2022-11-21,3015738.303695044,1840497.6749871785,1628633.1138608728,1366599.9488225803,1795414.0471184792,1407441.842005225,1991281.3947301954,888336.5079512979,2570162.0949349417,1710176.5834504685,1551532.7772648528,1816331.7254496831
2022-11-22,3023867.46279385,1847663.9152097707,1634870.2838193134,1365874.837474097,1802747.6971850009,1403683.6348156054,1999674.085542757,889935.4712765036,2560267.0385077964,1710876.1758720789,1533098.9643212918,1843276.0970969507
2022-11-23,3007302.830387432,1834757.762752553,1629447.930379563,1356355.0749742207,1796706.8512022558,1391872.5609082694,1991849.2643074493,878647.788062305,2566246.6215562248,1708045.7489905704,1534120.7639429572,1861179.2896970937
2022-11-25,2944817.0837962483,1782997.032249873,1596732.355227445,1336684.4858358246,1762617.5392482523,1365040.3903660127,1960783.9046496672,866529.3597559414,2524888.206911205,1682890.5779018984,1501852.2608748553,1848179.581858135
2022-11-28,2886488.226758517,1765382.5456287365,1591434.0081489473,1301818.2495540613,1755208.6074665575,1354438.4853280478,1958754.0967057277,840501.8326621591,2496975.5975152263,1680813.440644399,1498893.720938905,1821724.0387740536
2022-11-29,3017409.197205418,1854319.829917405,1650313.7630318438,1363834.3769901888,1849189.6187136061,1387670.3316163374,2021171.1378592318,878285.1607326445,2598259.280193425,1753156.584195508,1572537.3004036476,1808471.1656396508
2022-11-30,3020112.865982496,1862518.19780462,1659752.0032118084,1363058.3814997668,1855077.5486842536,1390053.2811181813,2029894.3517236575,887169.7669533414,2576397.7855250305,1761046.1295354145,1586140.77290407,1891260.0554138762
2022-12-01,3048069.8918619356,1856471.9814512194,1659163.2807471359,1372899.4815579369,1849762.145907685,1385253.546964617,2019687.494651634,879663.8966822948,2639435.106992984,1755823.3889806136,1576148.233111178,1893119.8761470544
2022-12-02,2976706.690833138,1801030.2337991486,1630106.5419062618,1352642.292370294,1814080.0977202333,1359419.583215791,1978868.34016026,861381.4067485916,2612808.3261200543,1719813.8109820238,1548275.743547345,1885631.9252952046
2022-12-05,2897020.633280643,1765785.7646808748,1605553.3406876458,1299775.1697215147,1784884.2530352105,1322513.1874233533,1955675.6918977539,832206.071032637,2509529.9960978325,1688486.6709950108,1515904.475950697,1853016.8966724807
2022-12-06,2903938.1469690446,1770325.853950181,1599168.6224804367,1314660.2150175564,1785126.6652173966,1319677.442866182,1956774.3823674507,839535.2739620144,2534092.4956117454,1685933.0290617442,1514823.0847217178,1815740.6481983429
2022-12-07,2945369.126313227,1793515.9120506693,1611150.7145207853,1329438.9093123453,1817157.6715168601,1314531.7609665517,1965386.9475673225,848210.3617552443,2551988.4914294085,1698440.7506595145,1533606.732883297,1807518.379815802
2022-12-08,2948279.7660012194,1781619.6471938894,1576366.0578758381,1311172.1449272041,1804271.328196521,1289832.6634217165,1951134.4785842928,832960.1807240555,2544835.7266907613,1695563.5079863735,1526180.7027889825,1829545.2957850357
2022-12-09,2960448.8907380546,1788798.8828129862,1600689.1631447808,1326375.9355201514,1837573.7291365548,1316961.8603662618,1983758.485575351,844438.1805725404,2559908.7498863516,1710207.5608563654,1550535.612990086,1817884.9536449583
2022-12-12,2971914.3833259065,1793248.9381703725,1606533.0355710613,1342648.8081532419,1854684.4932418496,1328124.2011053339,1982163.506096382,853370.1260973442,2575132.017832061,1714682.01204864,1569897.3976799971,1840383.5032027941
2022-12-13,2966733.394220288,1772280.6447152824,1595771.3892195069,1343518.6678171223,1832494.0072870732,1324708.5753089194,1981152.764615258,844542.1937542162,2583248.562640495,1696240.4851293454,1556193.2336447258,1860470.3040486027
2022-12-14,2859043.6437786394,1705912.900784612,1547538.5853626411,1305660.7175964117,1776663.8234347005,1301776.6458691806,1925339.7313229134,828049.2569645297,2483402.0969033157,1644033.7927707296,1502300.9414528997,1845804.065413982
2022-12-15,2830581.1982943034,1710419.359107648,1545003.1581884988,1268845.2853842701,1767588.0790824671,1272959.0621056904,1919720.50876624,802109.129554289,2443669.534861318,1636997.24371077,1489783.1505789147,1783595.564372074
2022-12-16,2853013.1951297945,1710778.0252501324,1532821.0137454215,1239484.3023263176,1737814.1175534965,1250867.431658328,1911436.2397744146,774884.3442430552,2445099.7070255945,1624162.2884914726,1469559.7386105936,1767638.6279577084
2022-12-19,2842474.1586487372,1706196.938452011,1531823.517463915,1235089.144095548,1734879.9484845344,1253587.4663859634,1908931.2558874225,774388.0991735586,2434625.8973036865,1625553.2419431421,1466039.7422937707,1742621.6287294864
2022-12-20,2915699.177757598,1741298.1188194882,1553812.4397433451,1272065.950651698,1749663.7505082062,1275956.460281896,1936707.1139050864,796990.5817703953,2502633.484835988,1652686.8505874926,1493426.4956568452,1740708.3807538492
2022-12-21,2827212.7214149665,1699843.906786447,1526936.1556781675,1239577.9368037903,1711223.1202990888,1250786.7046820982,1903622.2712400495,788275.4658619709,2421802.505115242,1621493.9130767584,1458963.3675491053,1766406.1167437446
2022-12-22,2827069.143471962,1701564.2496865662,1527103.6277233367,1222576.8000160963,1714821.1344894092,1254609.7578879213,1913947.2031913511,774900.864499609,2413110.7299634637,1629657.5966704034,1461201.5645428144,1722427.8198722014
2022-12-23,2763706.507483514,1673894.4679535162,1516854.6151835097,1195313.568190966,1703150.3301940681,1246236.7282270966,1907995.350968022,765536.3512193237,2340076.6503346553,1612027.7213322986,1437509.1107179362,1727035.7660077154
2022-12-27,2716644.789944868,1651058.7026849948,1503518.3907180082,1190642.827827904,1684927.4864517944,1233174.7908003489,1888075.579142713,768097.2306924006,2303790.9098805003,1592433.7812916012,1412476.110165666,1701419.706147096
2022-12-28,2767619.742020234,1698848.611447034,1532522.9934586242,1232094.945805593,1723393.207286028,1268579.6780201115,1911666.5425733337,806431.6766566631,2319649.26518918,1629413.3166586764,1452060.1816004002,1678911.791469174
2022-12-29,2743314.499769805,1690650.8561940605,1531376.8240818137,1232451.9778111284,1721697.4135532521,1270435.8796957533,1910112.1875542179,808049.2975508766,2320074.8136383086,1630753.7467816595,1450303.2067464693,1721627.6394477896
2022-12-30,2695122.832391028,1671853.2621268958,1527498.4118794806,1219515.8888157438,1716349.4887550015,1244667.2185469866,1902912.8998868347,801269.8633979224,2269378.9567668703,1613264.6019726812,1434557.0275161806,1719852.7189016219
2023-01-03,2711312.9891943275,1690867.5231372758,1534598.602355312,1232632.5410211098,1737822.7712691892,1249644.9213432407,1916961.4089505712,810043.361806421,2276662.895304419,1631711.0338711143,1456936.3873791827,1707728.573027441
2023-01-04,2685613.5172265456,1683026.8672995775,1512729.5833910096,1213603.5042556976,1688976.4370221929,1251600.256979948,1893024.7617730815,803761.2814170243,2231378.9415396606,1617530.8390294735,1420882.2998132848,1715928.733585516
2023-01-05,2733761.1712836055,1727270.8360950015,1545445.174682342,1225585.4008657732,1734716.8524886263,1275956.6945402676,1949803.3217406366,813425.6200567646,2243516.2835353054,1653201.7859359349,1458091.50683744,1688640.001866883
2023-01-06,2761157.7727627777,1741998.8922177928,1540034.1717219136,1242411.1542269555,1743439.6332723848,1294596.8536185508,1939789.0405982342,831524.7315211379,2221636.117318551,1663162.3207305842,1477694.970183185,1735666.5685631956
2023-01-09,2790172.040152077,1764216.7111733402,1556308.8646254186,1210115.9656259713,1744365.1444308902,1274117.7619833918,1945144.739494985,794515.965469436,2235422.014591463,1677147.2534353246,1493441.783258149,1746372.743140395
2023-01-10,2840562.494109872,1788276.911456483,1587409.1221689414,1253040.1005900775,1781706.919071764,1300070.6097827759,1966457.6709147631,826432.7043647646,2269435.827341624,1691846.2223835061,1522979.7400673495,1761674.1211487288
2023-01-11,2920647.138916947,1826436.2772761567,1590311.8329900345,1222879.839142071,1774177.8101994637,1289760.1220387332,1967149.2801380293,795536.6185109718,2271317.922338241,1690683.3165298493,1526039.7506515798,1792603.7352090594
2023-01-12,2989994.1717209807,1859166.557616529,1595719.9997500842,1251963.2235790398,1792487.4432447315,1308552.4625682102,1978371.5671925116,819940.0156061216,2289985.405891236,1697641.5432704636,1534831.3354888011,1801579.051362464
2023-01-13,2989995.471608912,1853473.0170879022,1585825.133683371,1268488.1198916943,1774472.1854865695,1324643.8523854255,1961940.9111784715,837302.5566030056,2300787.742507108,1692649.2693053184,1529183.6887430972,1814449.9504185978
2023-01-17,2970217.894978838,1844795.0944670402,1564144.2245957192,1263435.183496432,1758724.2451738622,1314222.4639805485,1932705.4650047305,833874.1527938374,2282554.117110711,1676240.322532786,1512231.949190502,1816919.7321698477
2023-01-18,2912610.0727369296,1810860.1833814105,1541846.3495891942,1204707.8337333791,1744737.1759171146,1298493.880264015,1907532.575371032,802247.06930228,2174128.566626433,1655212.5470195862,1489180.7992041865,1793825.346037349
2023-01-19,2959821.1245639655,1868257.0847469987,1575474.9174276283,1237648.247913895,1788856.4485096997,1326609.5904934641,1942783.0110521202,832167.250705913,2198510.597094736,1707820.8800681361,1543469.99368412,1775805.7803056438
2023-01-20,2988178.6756387185,1910119.854095805,1601055.4329721185,1288596.3612710391,1827915.3022246435,1362596.6991322176,1984317.503966418,874741.5458853747,2239259.63792508,1743656.0172955662,1580381.6604287908,1826641.6479786462
2023-01-23,2984895.307537849,1916985.8619014681,1601153.581392311,1272912.8997352696,1815898.083660568,1357256.5661556772,2018888.6264166182,870580.0634867016,2211677.6835737415,1740243.6413446702,1563458.7929343574,1866496.2214810983
2023-01-24,2989548.8738341085,1933267.9016307967,1590858.7604157159,1254850.3078193977,1808686.2146956683,1349932.552553883,2013634.5606900465,859706.2788743696,2188682.7327604,1743033.2347101998,1556680.3434319021,1862424.390088878
2023-01-25,3052944.574410883,1971480.3538286302,1607814.0187879868,1262822.5639304009,1828242.3654467098,1371130.549732055,2028991.8779852418,868511.8787405574,2190159.7515022317,1766472.1458896063,1585192.0706606966,1857401.6151915144
2023-01-26,3087190.753877869,1981018.9201534868,1593719.743275823,1269172.5145483336,1823889.4114567307,1376484.2352987602,2012921.678137054,872374.4906264169,2184630.9289041497,1759282.1158250712,1594509.2043727757,1894627.660480928
2023-01-27,3012564.467603393,1929272.5393777452,1578705.658196386,1251145.3450824777,1806171.6546645637,1346107.2796732953,1992083.0930372276,856171.4723513226,2183575.3434084025,1739627.5695378697,1571391.19252898,1912725.6782841748
2023-01-30,3064089.6719697723,1963535.0390514035,1590446.3580565855,1277182.2732129071,1836894.4993731575,1360000.701809683,2005481.4654533004,871081.9663036831,2222554.0128461923,1761358.5213951964,1600378.6728923365,1872761.0262390706
2023-01-31,3131155.87947189,2016686.1083871583,1585470.614802859,1300424.8972337558,1869904.9007982265,1360097.551015657,2046960.0293730644,882974.8953610323,2264305.2380714347,1799190.258451959,1637581.1063455117,1902558.8425080038
2023-02-01,3177547.9110020557,2046606.8898416925,1593079.4066545796,1339140.4446817292,1899554.8550103582,1363605.5425811366,2048958.6692397324,916399.876206146,2251342.1477366234,1817821.4598509755,1663562.4936650246,1943617.6783376022
2023-02-02,3125882.134766983,2006575.5830453269,1554350.360120673,1289460.23253608,1861371.0549235125,1344972.1684673731,2013986.3416921769,881543.5608745385,2226590.248808101,1798394.8129835732,1635781.2458068982,2012796.8992547975
2023-02-03,3100638.7563619367,1989668.7770786446,1542901.1296975433,1266123.315442747,1840272.113902772,1325140.6578107018,2000058.3684863774,862186.7462634104,2220836.3833467225,1791447.9298319255,1613573.239241501,1976673.0211309348
2023-02-06,3137120.0181265515,2025940.700242053,1575725.1510314655,1299245.338545141,1880753.864787988,1364759.6157535077,2020030.145360035,889069.4570098886,2250533.995235292,1813274.2554214133,1648668.671771609,1959560.4903085593
2023-02-07,3097161.375463276,1996705.9168886282,1544167.8472350186,1226633.5667403291,1844557.0967448414,1330818.859709216,1992281.9570502923,831172.9872928933,2208188.2806151565,1802124.2085026044,1633756.6478548422,2001026.4785720678
2023-02-08,3067831.918151511,1989191.9077628348,1535939.8282687021,1211022.4823340846,1843247.9173943538,1315679.4884181921,1985994.9981802655,821490.5297349592,2184441.6769240415,1811639.5842889978,1632341.3321501855,1964413.6183584603
2023-02-09,3042034.7347017606,1959086.8543872144,1536364.1918566003,1214621.4909241213,1833745.8624340866,1341626.2446123653,1973981.298930219,823289.0064492403,2192152.3326716824,1799787.9290492372,1622233.4505499725,1946458.5337814465
2023-02-10,3075148.1262824726,1990661.9921723304,1559290.0942635227,1280697.3423611524,1864050.359578229,1381679.8606250135,1991557.565073977,887435.6008602448,2216420.9757413664,1827640.442572687,1638310.2227549674,1934471.1800711474
2023-02-13,3095899.976836157,2011008.0220020744,1556307.3358021365,1271117.5085376601,1880635.6131987872,1382576.180556539,1989457.6586414573,878476.5514406617,2214498.048853258,1848320.6050494672,1654334.6738019057,1965503.0428196318
2023-02-14,3141453.6109498893,2021238.0913206846,1562861.6286101483,1286552.0779711755,1925959.5604250964,1379351.0295081225,2016183.1866287598,885116.4461795999,2270367.692568395,1854864.2269221626,1676307.1014885174,1979428.82286121
2023-02-15,3048416.664575191,1970943.282276415,1535807.6316618545,1258541.337198955,1896850.4026386926,1354171.0450249666,2000081.0974113157,875916.9948807817,2203238.0185360922,1818768.7889293404,1634019.3770133168,1994678.3088926726
2023-02-16,3032765.12186639,1955190.0135056125,1535476.2707381558,1258930.3473397996,1883652.7298655114,1329999.2901578513,2000715.6936246578,873690.1538059756,2205621.0132743707,1807902.9873943706,1617880.646394,1956097.2381953811
2023-02-17,2996393.3639461137,1915173.7724349473,1507743.3122029176,1218872.002066144,1837444.1419823011,1301121.653698136,1961665.7938062206,839064.8269820969,2162642.122899034,1768410.353920853,1580304.1734860393,1942844.2115344196
2023-02-21,3015946.5726133883,1916765.934420743,1484109.2987042798,1216072.5433378862,1830403.504946107,1322339.0565865915,1948735.8981822375,836096.8767557021,2161727.454397375,1767099.08186717,1581362.5660723143,1896014.158833358
2023-02-22,3050331.2756529064,1921973.1233930246,1479637.247341418,1228415.047574574,1843168.6477498836,1337399.7971873435,1954000.1472790907,838802.0413518467,2167973.9502719482,1771982.7974419903,1594927.833934145,1896952.6666872392
2023-02-23,3032695.6532093743,1907966.946967114,1467097.5507424446,1199834.4244466356,1819436.0806622482,1320697.8037289039,1937537.1625877507,817438.8344873537,2132863.210233988,1716025.6433078414,1514845.945332503,1914854.3240217941
2023-02-24,3083900.647842687,1930677.7882670388,1472052.4622527806,1213732.582934931,1823120.581449686,1330056.7180125045,1947551.7701311498,820288.8471718222,2185185.2044339785,1741874.285683418,1536825.3261574777,1881763.0560137045
2023-02-27,3106475.3389615933,1944963.9538597765,1469739.5053923423,1223754.5026168253,1821913.5143097108,1322535.644710072,1948636.3187725188,826658.3479992443,2165257.8531977106,1728487.9230273343,1536374.3934170238,1895619.5955772684
2023-02-28,3082121.3772822823,1937609.1457733402,1469137.6694250933,1221710.2238759357,1814260.6761833718,1330048.1879326333,1944930.868026013,822957.9035491229,2160336.2847958235,1713807.4723001474,1524192.3257387201,1893156.108414929
2023-03-01,3108163.23352394,1943282.8495950943,1484098.8870011766,1247976.6972551777,1836560.9019258404,1356849.829558188,1972817.3113109395,848831.9020926397,2169222.7677102364,1730605.79409647,1541190.16533694,1876876.9197536637
2023-03-02,3153421.562065138,1972646.4205161857,1504018.290942686,1302434.2182965132,1865983.8337710542,1401720.6441213149,2008157.159399766,900629.9509454422,2193351.0856242985,1754358.3687294642,1572726.9599301675,1893588.4392044805
2023-03-03,3196867.5630440027,1970789.0289311714,1495605.6959247382,1288944.488636037,1859737.7215221382,1382003.5269891147,2005446.7329075986,883496.5067411541,2216374.046466847,1745925.9509434118,1565595.4214478135,1932252.8748231952
2023-03-06,3183571.74519984,1960880.2622110858,1475191.9611784057,1260268.6301456774,1837839.2745047458,1358905.3982781607,1977592.2953885314,858315.8216599673,2194473.381378223,1726116.538419261,1547313.657415939,1934087.6707272907
2023-03-07,3179041.1303980793,1980823.679767628,1478252.7185727595,1259427.6966433672,1839840.7896280002,1359197.34997776,1977325.6677991422,860475.9414307154,2173394.7859998215,1729407.9180401524,1546880.1902438898,1910457.1698514982
2023-03-08,3109958.176692674,1929525.2028225737,1451098.3227833817,1234826.8374115587,1806594.7582327297,1331837.630189251,1943225.1577595917,839455.4842252914,2140265.1020499417,1692771.541630927,1514047.2909296097,1920386.6535677807
2023-03-09,3050418.7269128878,1883868.7736825028,1423000.7117055885,1198069.3073529014,1772556.8591108716,1298202.3051028852,1903491.4958085292,807876.0939092543,2105717.6688439227,1665512.2162125097,1480512.0427695937,1885886.6258562368
2023-03-10,3068815.3464060323,1895279.9052465141,1427384.4993189925,1304717.5419955195,1791521.1218027435,1350735.3359936373,1896927.8754573525,911672.5526645732,2106679.63566256,1666738.5332208723,1490547.20902628,1859852.513176033
2023-03-13,3148057.5337380464,1946436.2139912387,1450575.1479651323,1309984.6236729776,1814308.6457471673,1355536.614553068,1915864.9008092408,912036.9166557336,2121988.4210594287,1684926.8844836461,1507845.7948729214,1874455.8059215501
2023-03-14,3119052.3119622106,1920282.1626226804,1442829.2459620475,1308910.6155199942,1799856.153969529,1326304.1720650566,1901988.798132506,917253.2527000501,2093594.3225725887,1674026.2138397666,1489780.7792839352,1917943.5854377602
2023-03-15,3176508.217014021,1954449.5570276505,1467486.2874459203,1307252.0004649286,1835440.9861167637,1339546.659332525,1924598.040203883,911764.382166289,2094553.5550164923,1704588.580302739,1520707.0080167267,1926044.7213654162
2023-03-16,3132971.1926670913,1929988.7769498664,1456220.039685224,1289031.454983517,1818076.4516778868,1327076.8271594406,1899437.7876346787,909315.2756287958,2019617.9487306946,1678848.3204995843,1499923.699418954,1977935.316497304
2023-03-17,3146262.9165586545,1941690.8539367074,1463259.8569831478,1286350.2016242815,1834492.2361147583,1330476.0254462347,1931248.0645759664,897520.7781035724,2067720.32662305,1700553.0090467024,1513373.3781172575,1968265.292665376
2023-03-20,3204081.559327605,1963657.7206640434,1475912.5724802238,1305608.2444719726,1856677.464445141,1357911.5822516636,1948674.8276803293,906433.20578845,2131158.240164661,1727177.862068278,1545499.720683747,1974983.000771778
2023-03-21,3148136.298732794,1917438.753433527,1451271.9097815598,1280979.4277238527,1817940.9205105943,1332932.5351098361,1913472.1993774262,888069.3695575404,2086743.4204085674,1682780.0848649174,1499460.4063024826,2003097.0912704645
2023-03-22,3171118.856776233,1953159.2584082943,1467073.63647188,1291633.342714946,1826806.6282707325,1332526.828838603,1916731.0471793253,889296.7647903564,2105144.2332537747,1710453.972924131,1525867.3507946422,1975696.745743591
2023-03-23,3165452.516571792,1947188.2915888848,1485161.095610875,1291456.0185476523,1823510.744047618,1335654.37057862,1928212.1102168558,898268.9831149438,2091911.571963557,1719593.2850888136,1524757.2622119866,2001177.5487059169
2023-03-24,3163090.7452048096,1940642.494472808,1488506.4456338757,1283097.1560141244,1809981.70982765,1338584.3175131413,1935472.7714947138,890099.1265447137,2093639.129207769,1721265.9043843562,1519206.864360777,2007123.1717481655
2023-03-27,3156963.079629794,1941126.6506673605,1483343.1851486568,1266466.6023688193,1810364.7884736285,1338663.2077521875,1945909.8830804892,877681.7381611983,2090594.3602441202,1722582.3578637147,1514776.1270021407,1992348.5433630391
2023-03-28,3229069.63444366,1997575.0957847335,1512777.8548909025,1311314.7281668985,1864780.9562476194,1367811.6467752259,1970251.7794975175,907033.1649532776,2145991.2475037538,1751870.6644651971,1547921.664329142,1982522.8436004987
2023-03-29,3285845.0071623516,2031304.872127072,1515905.496102849,1328090.482959719,1887327.0347982447,1378511.591974083,1976124.8612663385,919501.2660162133,2170449.334722506,1772366.47723076,1568673.721348724,2019539.785716841
2023-03-30,3358367.9993344084,2074497.3682644493,1533769.7796044627,1356780.968087638,1921777.306307492,1408913.6719999642,2008918.039752146,945394.9950341254,2205970.7363973376,1805449.1898731808,1604077.4418668165,2037950.690646901
2023-03-31,3344908.8982262067,2067847.9590359542,1536367.832978482,1339612.1833767626,1901499.8952293703,1433336.0026273404,2001864.8924364487,936648.4119323523,2194637.202983321,1817276.2415374373,1605640.730808829,2072255.739628782
2023-04-03,3328651.0737912324,2040855.3477794714,1534378.0069008563,1336182.9355301766,1889783.7937502374,1422986.5802000884,1972760.0851089654,935256.6625115582,2182779.8513116036,1803658.1660553964,1588329.9091249616,2067067.7701541607
2023-04-04,3265381.957164892,2010185.5375188983,1538434.7209808545,1325634.9474589464,1863975.0188154988,1423091.0203919376,1950207.7244254474,935057.8565403057,2144951.304785686,1783988.5551656722,1560903.0151739963,2059479.2594063035
2023-04-05,3261861.6076268586,1999868.5371629857,1541959.258203857,1320931.8707936641,1859314.9831043403,1412564.505464432,1952063.7008716653,931793.4384951951,2131087.4405723074,1778166.0683609913,1552153.8698894645,2038589.0540783484
2023-04-06,3271325.909694029,2012634.64239557,1546457.8628004673,1330404.8784220093,1870087.5537242976,1419368.4163443847,1971147.7147366062,931437.0788852983,2159131.474477312,1787893.0038423387,1564166.973223488,2053586.9100799551
2023-04-10,3295072.041502504,2025065.7173904907,1547505.6664269154,1323536.250608096,1863521.4538783804,1419888.0529899253,1980564.3033553357,924044.7501746875,2161600.6696402156,1788344.5696942273,1561908.6228530037,2051799.5538825255
2023-04-11,3265477.195294216,2004219.106811285,1546620.8128228919,1313480.552544884,1841961.89145313,1416047.8418095142,1977309.0807027116,918213.0583644776,2150536.08131382,1769837.9523879592,1536590.7285931527,2038109.5906352482
2023-04-12,3350023.170074698,2045375.9334945616,1566898.6379253622,1349565.1031045124,1872091.775489905,1440139.8173865208,1989477.3679370037,940617.5849276367,2216119.0616213037,1803383.0332294104,1567061.616774122,2019904.4112939665
2023-04-13,3344298.3368111015,2041582.0275889009,1562753.8789083138,1332126.8198020076,1867506.7696177345,1434978.6853172397,1987179.9668839641,925245.0042673278,2206784.6746993307,1794857.6628371465,1556228.1414329736,2060942.8280912456
2023-04-14,3381640.525520418,2051805.4898342376,1568265.4562000518,1352348.0432707383,1881186.4770028023,1432971.6062093156,1999401.8513784339,932876.5225541245,2261155.039786257,1796831.6155175876,1565852.1129792402,2056246.9112375453
2023-04-17,3401826.282316678,2060986.471205512,1573599.4989351702,1349888.375991487,1881837.75671929,1429603.81141723,1996433.9219173624,928398.9044618302,2273479.9555121837,1801262.9514915415,1565284.1001297669,2057534.5384861142
2023-04-18,3387427.1828840883,2035562.505557925,1567964.2506763015,1354220.4918284642,1879783.1542502267,1431310.1836527956,1995033.652402722,938342.0509877003,2248129.15616834,1781359.479271158,1552501.3117568265,2058175.9724487378
2023-04-19,3370856.5461223274,2015654.1741843764,1565788.6589767213,1337287.5763663866,1866063.9702836631,1413636.9686719417,1982849.3082785744,916760.6554542022,2241909.55631219,1769191.165434158,1538435.7602708975,2057691.7496823152
2023-04-20,3355440.387227389,2015779.4466091788,1576060.8207821227,1345082.3944723234,1870170.6607634888,1414431.6776167674,1990726.96950037,922416.7158272967,2238007.2205091086,1768809.9289663357,1539851.1032020773,2041541.5233304333
2023-04-21,3350311.185930289,2016505.9814979017,1579659.8214803159,1348030.9571459962,1869010.381054127,1424789.2146393005,1998004.4172771196,927206.576010598,2243969.4150246996,1774641.809954324,1546415.7254517553,2043866.529536744
2023-04-24,3280200.0283555267,1953130.4114911754,1545808.8367621307,1301261.2619314473,1821783.63462522,1380068.1282660495,1980102.0410002926,889801.6492854487,2207819.831696791,1740611.2089553496,1505862.803774561,2038991.4471889364
2023-04-25,3195625.3828690057,1957547.3616822087,1560473.5684303143,1228468.0671985466,1811872.2404483259,1354894.4542758863,1962679.4700566786,865351.3183872722,2015004.805520423,1729336.1231795491,1492888.2627151944,2000529.8201543833
2023-04-26,3235847.250193627,1963241.583026038,1612269.6386831256,1215032.0184480823,1816811.9240516152,1357544.1607273298,1978091.2034636068,848430.0925059491,2014926.580499373,1747368.8933289808,1501894.7035951698,2013322.113612417
2023-04-27,3273548.87144284,1998590.9007970577,1631090.4376678448,1220061.9327429973,1834618.7541223112,1374797.8540392094,2008203.7671802086,856364.2908728707,2023411.731156547,1766276.7340606262,1519673.913673702,2068904.1013238442
2023-04-28,3290261.228188983,2033584.9312046196,1635947.7091054698,1202890.9766596146,1841458.3376363623,1368328.0913238104,2011754.721498498,848238.253524873,2017579.8033790246,1769793.9225924956,1520022.8878899533,2082417.9696081893
2023-05-01,3233872.375483391,2011094.6251434344,1614773.377820938,1171002.9486126064,1845996.4020960212,1326069.7788189263,1970394.3897882334,822661.5125278888,1983485.606808837,1749703.2544827694,1495274.1022576867,2080135.1832055456
2023-05-02,3245091.137781861,2017378.5139975534,1597846.7315341684,1177488.4764328406,1840364.4029189695,1308099.768418967,1960550.424975209,827547.0960908175,1986003.9858153262,1737781.0265817167,1488961.4171182227,2061614.199732833
2023-05-03,3187051.8160733697,1984935.9671043586,1602613.626565976,1173799.6855179854,1826174.4035886596,1296591.0652421638,1944771.345096797,824062.6100977306,1978685.556515598,1731423.7188903056,1482895.9578713393,2048494.8947045773
2023-05-04,3268886.575084363,2028630.475161009,1624074.8583658997,1195299.1303392248,1841722.59346504,1338327.752706785,1986749.1332714898,842409.8447160735,2018543.9104142988,1757016.3327274693,1504122.6797301455,2040991.2841437308
2023-05-05,3316928.6709501687,2042422.1450146874,1622300.6196167117,1183994.9572319698,1839139.4383138055,1333620.9905813693,1981171.1670590448,830309.6600296044,2033923.1424832414,1761420.3287617262,1501251.3782084198,2084483.6694567048
2023-05-08,3265987.646965525,2015921.900963734,1617986.0531878723,1173260.6362842103,1821678.5179720393,1331922.1451633903,1970040.738371206,823093.1118524016,2005219.2014635045,1759936.9793584181,1493616.6476614254,2089594.5685988138
2023-05-09,3325937.690955723,2048540.3507542848,1628049.1972860922,1225945.3201533891,1837558.7829429426,1361109.1324869369,1971572.4231301323,872227.9974206211,2020999.674726545,1770861.2535378316,1510893.082883688,2075362.3495458914
2023-05-10,3327588.423398121,2054173.6222872196,1623778.6245691844,1222483.425517779,1827693.6890062601,1348665.9671804018,1976399.1663930784,867805.3441771187,2027754.1651760323,1773720.7461737317,1504511.1475730136,2098428.333265014
2023-05-11,3319663.9479469946,2050528.041880364,1625115.4316813701,1229027.8345822832,1834959.477031308,1352439.9435667626,1987455.2397391193,869061.466219045,2047616.0565522518,1772467.6801167105,1508156.087743562,2105023.373650943
2023-05-12,3338155.554600362,2063203.5282568596,1634744.176401992,1228286.9045453991,1855283.144430739,1344969.0292693998,1998040.2309904806,858669.6645465557,2046609.7494396353,1769491.0317587636,1520675.3943920357,2097225.6062034555
2023-05-15,3307804.9366528452,2045710.754238392,1629911.8470266028,1211880.4901335852,1845521.870421668,1322667.8541336725,1977201.0814468202,848800.671926346,2005682.381105486,1750426.09976417,1501774.76991366,2108753.9155029734
2023-05-16,3361287.800478143,2081611.307152722,1635321.6596685247,1207740.0245766283,1872314.1316110527,1324748.4955128126,2003794.6800737907,837408.1881904745,2036380.4603440783,1779639.138630288,1534883.812840913,2110719.055455482
2023-05-17,3397494.7236353457,2126124.4316978063,1659242.433969299,1229357.8825402923,1912444.7037163693,1340388.0002531356,2045949.525901707,852164.9940961666,2062226.7761068093,1826640.2333718953,1583328.5384298689,2136383.7832352375
2023-05-18,3372284.1031146185,2106657.1559948665,1660070.4367254968,1237375.6951115928,1901923.8185976408,1350295.6401325876,2042968.896925481,862307.5200351271,2055487.027696084,1826590.128058333,1568967.7832771067,2174957.1776045896
2023-05-19,3401480.0981817497,2122708.455101383,1667440.3383514395,1248923.208225287,1899020.4292844955,1366328.674760262,2044169.1852301748,874196.5543839218,2056143.271645981,1824063.1063436163,1581445.8242267221,2170063.211490051
2023-05-22,3340471.009582129,2076896.4266374907,1650170.7784291347,1229149.4962161665,1868025.715947561,1349788.236227154,2027289.8453235188,855776.5148469957,2031766.0141236766,1795806.4153377058,1552662.508042385,2177334.2293143305
2023-05-23,3321374.135384751,2057843.2177087956,1644502.6781602725,1252659.4236668,1834343.7280917661,1378782.6791055049,2014837.0622920103,880052.6562633298,2025784.7913495563,1805120.4155299482,1543009.6380760882,2149476.3746422636
2023-05-24,3340482.9054321395,2047702.1833097243,1646267.102435651,1203701.177380394,1822824.1310784146,1336938.465986724,2025182.2132471472,822425.5463943454,2021973.1409372287,1808027.3112120272,1537706.3051204917,2138776.6481805337
2023-05-25,3406086.236576557,2109561.6009238097,1669027.6109644794,1229474.2732555168,1878401.1785013196,1348437.7223829401,2084930.220858996,836585.8025753921,2040448.548003993,1849087.4593812248,1579497.7385400115,2191293.017566048
2023-05-26,3390822.7832477973,2098038.929184039,1665846.7425419681,1233380.664798105,1863480.4046046664,1342382.1415841875,2079355.3778411616,832182.4021047306,2080238.5390774326,1857685.0036022493,1578070.453029333,2247870.1644315505
2023-05-30,3372907.3393853144,2086357.9036616064,1658457.745183576,1232605.07138925,1864006.4568201117,1338483.2360124916,2052975.4507526548,837948.8955675312,2068549.682677649,1848521.1991598099,1587787.8131673334,2256765.1861947076
2023-05-31,3418693.0293341856,2123570.3142231246,1671121.639977161,1250444.5244032028,1894080.7247898604,1350586.89816588,2066977.2380960549,848901.4339904347,2105798.4999151584,1866981.6082406815,1613133.1582460243,2240902.5150874387
2023-06-01,3432560.6591664003,2132582.4029094055,1694511.622164167,1277476.5022113333,1916177.430152743,1382779.2506519763,2105415.027220379,875843.0964203409,2107842.818497092,1875977.8217384326,1621651.9883058309,2270367.025197239
2023-06-02,3454475.262951561,2135922.971401527,1694314.2115024887,1285576.0397095839,1904598.1183917203,1391446.6602965991,2101353.0040623085,884487.9252186693,2109422.8285996486,1885030.4695936425,1627808.4851893398,2286894.6198306265
2023-06-05,3425365.7432713504,2122672.4138005883,1701606.4505605355,1263358.995450308,1922131.5265092999,1376893.793875777,2111455.7473102342,861587.0828404078,2107863.1161936154,1879025.4212500798,1633843.4175511745,2288444.7774947262
2023-06-06,3356213.2502000714,2110192.1966572907,1684404.534366851,1256240.8221051905,1896728.1462435748,1375739.41020603,2119202.137264975,859963.5482337738,2116104.9736694344,1872575.3321001413,1615995.8072396587,2288694.7187324357
2023-06-07,3382876.233843132,2128437.9237027625,1703873.4610458664,1260270.8252795849,1909708.140960407,1383858.0020216755,2135505.7128636,864426.4608859612,2137039.444108507,1902700.5002648076,1626244.0036403965,2248637.3366458225
2023-06-08,3375362.2916720123,2128993.8270777613,1698765.4122837672,1248168.770071899,1909811.2933386376,1374615.4494061782,2131017.839936588,856635.4922010223,2120176.8776336513,1916474.0280233398,1631017.6466821814,2277131.86595719
2023-06-09,3431420.451114033,2168089.947003157,1715654.6142481738,1282891.5254181696,1949703.0746560865,1395160.0341834805,2174876.1821120796,885061.9087458723,2141221.2575849076,1944195.004299325,1662661.9561157129,2284020.9097032007
2023-06-12,3411563.0358643522,2171330.157125458,1716345.6238562895,1285419.170666553,1974501.0553378942,1397291.9849369868,2194409.6280481257,881800.2900970251,2173741.37543247,1976512.2912098551,1697100.0263628562,2324257.4572839215
2023-06-13,3423148.261157235,2170390.3698722925,1718992.434020034,1278353.0339474482,1970873.2153660895,1386312.496930901,2193147.174983668,876869.7076439415,2168861.952528595,1978531.8739076832,1699637.6431356133,2342580.3914957955
2023-06-14,3461635.5842041904,2179020.232648793,1726960.034625211,1297464.7568222256,1977726.8997259354,1405050.6421516114,2216164.0376739907,893983.324741703,2184259.6024254835,2005047.116371824,1725091.4602100137,2359062.5422677808
2023-06-15,3426512.431043358,2152877.582244327,1721628.4732018248,1282426.0128879354,1967321.2205702185,1403444.1854096204,2206442.503895847,879783.1841084617,2184131.6994170197,1986275.0333544847,1701078.5817137395,2387327.5493737576
2023-06-16,3403695.797957616,2142941.495163218,1714949.3590880993,1258192.5218898335,1957167.2618779477,1385318.2506856355,2190498.9936051797,866598.088621022,2145007.523293994,1983469.5044468387,1696162.276668711,2371361.0943127465
2023-06-20,3388752.5624367474,2134278.2028851532,1715997.1907738284,1241270.15312261,1945171.8563888224,1380011.3098597543,2188987.487510378,858208.6969402513,2123507.300906026,1965472.3589718756,1671262.844144509,2369196.369833812
2023-06-21,3422986.999585422,2150946.4613720197,1711360.2023592482,1250346.6999653953,1956303.2753178196,1389697.8210479121,2191826.030389261,866954.6217695036,2109485.08071527,1964798.0008708555,1670885.1126498769,2337329.629658629
2023-06-22,3381804.8338850047,2121307.7347307983,1696815.8824474534,1236490.8128678545,1938154.080111206,1382232.165694894,2175927.061509583,863154.8632872025,2087282.540537172,1950232.9008383271,1654618.952429315,2364821.169961423
2023-06-23,3306280.6146160257,2089410.498069792,1701833.2130601506,1207538.2997127627,1932988.921692233,1367784.0169797067,2183075.825709267,832406.2919366166,2088074.413723816,1939563.1205574279,1646679.1862366053,2341107.457690767
2023-06-26,3342933.4463092876,2116613.6955919364,1736301.3220479838,1195588.2126105702,1969739.3561472453,1362500.3048203557,2219091.3368626824,811455.5067923164,2117787.663297285,1968334.7240894448,1678669.002852,2309278.3315224876
2023-06-27,3375270.977045081,2139068.6197561678,1733215.7154888557,1196817.257862591,1961895.2732385274,1371014.7433196416,2232414.026129136,815776.9798165723,2128430.5315084476,1979692.0078017132,1682363.0294276623,2349664.4139714697
2023-06-28,3341470.9128755666,2127585.834970573,1736882.1866391147,1195899.433657441,1974978.2133195095,1377444.832154866,2257603.2824486634,820095.2885077395,2122366.3555654986,1984230.2557479606,1684952.8560286572,2352597.999456823
2023-06-29,3400068.130179408,2164406.0252011367,1739805.343687145,1213441.0728105055,2003346.1406469657,1396098.136316794,2290212.774556653,830899.9626419834,2187514.4057948845,2016374.3737979329,1703360.1728225409,2348727.441383176
2023-06-30,3380344.1265655304,2175625.9057271057,1736655.2887225992,1212365.0999644205,2001825.1825857942,1394931.9731687154,2296650.091299365,833059.8000506553,2196127.113379291,2022918.8042070104,1706885.8429936783,2386341.7553397687
2023-07-03,3425953.395297188,2182262.24263733,1735679.7631112922,1201184.8202356675,1981218.82948153,1388686.5395672924,2276365.016314307,827299.7283426692,2178687.000696338,2024064.6058983493,1702055.420717083,2390976.415096512
2023-07-05,3324979.5375853945,2130254.510713859,1727446.893334408,1177390.755672853,1960829.6936440496,1364863.4816617225,2254199.7388874306,812841.6122737532,2147214.1662833616,1999834.9324949735,1676435.5006349823,2390204.4835589174
2023-07-06,3318249.1858466505,2123861.504251136,1704076.79695482,1182470.802979142,1961438.3328476108,1374511.8121167184,2248418.5325618796,815211.6983276899,2155810.342390177,1998285.2718218954,1680673.2509544648,2372230.515215173
2023-07-07,3271110.0032229475,2128365.8635739097,1729898.8536611437,1199007.3622379326,2001346.472168803,1384203.8549019499,2307331.5459584645,819843.9363070115,2213899.731942935,2027540.3976873006,1710030.4359923385,2363961.1141790836
2023-07-10,3297330.3493004963,2146207.1507074824,1749789.7081188392,1200755.616916776,2007283.2591609734,1397784.3368751223,2334539.2411204274,823358.4544760422,2219015.129740937,2041888.5573802884,1725870.7772999562,2365343.0067347493
2023-07-11,3351871.439959963,2169632.9500436257,1750468.223871035,1235473.7277010335,2019898.6804151188,1411409.1171965576,2340562.855717378,847699.0121591089,2259110.3099221596,2057195.6116522881,1747121.6865148114,2376885.440477676
2023-07-12,3379956.638487812,2192153.4133034586,1760259.979800511,1235106.5707005835,2040727.5042963678,1411160.3603463515,2350426.918310183,840433.1725865823,2268758.7345142975,2071849.129918089,1764060.5614697984,2406468.0125111863
2023-07-13,3363291.5273469123,2171607.12854632,1765643.7363868437,1222664.241899911,2026727.4891991334,1398710.7910383786,2351973.0947272507,832997.3452983277,2235001.374929876,2056003.4438065179,1742277.6979699784,2448089.676705308
2023-07-14,3438057.5445056176,2219849.9050488668,1782354.7785281574,1227320.2382549318,2055388.724501105,1402533.6059059608,2395340.8580381107,828511.9303128336,2297507.6818744866,2079038.0957563417,1761554.5972015187,2447086.534170176
2023-07-17,3458503.2788556204,2250786.1060964274,1787345.2104932757,1210248.574449237,2063777.8426493036,1405990.5079988458,2426458.214444925,817777.1025667895,2305113.0864381883,2114090.7768511074,1790627.6580052164,2470303.5880231475
2023-07-18,3481625.5516091613,2249154.472097524,1781684.1958773495,1225956.807552959,2070122.8090479039,1414413.834559377,2432421.328938561,831200.5865145117,2319037.714039266,2118117.9016779475,1799863.2778680832,2490437.5215225043
2023-07-19,3422975.0627918732,2186218.856716967,1759150.2091901426,1205182.8531104452,2055640.690781339,1411550.8959557489,2526471.994341633,826777.9488252926,2326098.0873342133,2056034.4933502628,1744888.142144828,2488079.353579495
2023-07-20,3446847.4945904994,2202172.424374018,1765957.4078851568,1231460.6079808257,2072311.5434284387,1427662.9040071173,2489246.23705218,847129.301760594,2308407.172322426,2049469.9707155686,1739944.371852095,2431442.4848826234
2023-07-21,3430618.016339932,2188147.0511785164,1769198.2546367156,1223752.6924516365,2058013.5288583871,1433554.0211945283,2442020.7932871077,839594.2653732621,2277692.7649232848,2052446.3773655014,1738222.601095584,2425088.020614318
2023-07-24,3434082.3051852565,2197485.5843628854,1776632.267226535,1233080.4227366645,2069649.9038684876,1442178.3247582333,2394720.4068834116,845910.5568905757,2262439.642106956,2057127.0320458536,1745251.577072733,2428601.629438779
2023-07-25,3413942.295716418,2182088.854664863,1721177.6982244994,1227809.5840897663,2070510.3720595161,1444215.8458092054,2377035.1207679594,851139.0272162382,2226609.1985247573,2046387.1682658542,1730534.1387271208,2446429.440498556
2023-07-26,3376413.9620300694,2178522.864228175,1691988.115905617,1223905.3307309751,2078596.0064751108,1438068.2569049904,2374402.711444328,845999.9390435982,2188160.8818847025,2012930.9835777134,1714279.9510306166,2436657.1679784744
2023-07-27,3441895.2824807987,2230164.8423238215,1714693.7343225603,1232616.8617094655,2114658.4114574473,1454548.1448575922,2395377.7827942567,857796.2099635776,2181458.21648957,2049472.671847233,1736683.9591473895,2431260.0953307813
2023-07-28,3455168.8061688785,2255691.8367203604,1733379.7129454655,1232625.2147066342,2124044.0835987804,1460755.2667019262,2396689.5659768647,858809.6596234282,2183465.2496776027,2072246.8121928838,1756925.8532881357,2476222.497444167
2023-07-31,3429441.6233569314,2245338.1968396385,1729604.761791056,1219506.1703666486,2129286.475766845,1457097.7398459453,2406113.6720174253,849215.4492873207,2177131.3136608936,2072811.1003461778,1754586.1803792955,2477176.818533603
2023-08-01,3328110.350906714,2191271.876755426,1686477.4005929017,1197861.0881997505,2084254.708165946,1439059.6265805664,2379799.9153833576,845390.8721424288,2118186.9232690036,2030928.8927180837,1711408.136819648,2471047.117147366
2023-08-02,3459434.3116621263,2249724.792205912,1672101.5687770592,1181549.1199483147,2071523.2736723493,1433739.0107416755,2374522.423434692,831065.275541805,2120859.1600131514,2033638.6960169172,1701363.9787315254,2416452.4587355154
2023-08-03,3394948.103865293,2230950.810804178,1672152.6913635803,1192808.5432279466,2076428.899516441,1414571.072445619,2347902.0306071877,834224.1622414356,2100080.0052955747,2017501.1916846586,1696004.3939439175,2413748.3954555523
2023-08-04,3445858.3614739208,2281519.0430096057,1686342.3892210864,1193640.6288031996,2099763.714592834,1411614.8507745862,2377176.6366057103,833430.7557375322,2096773.6617587688,2035815.9104437025,1712075.048883526,2401388.4327870705
2023-08-07,3410264.426652034,2253727.354897239,1683694.8562251579,1184665.8742185868,2076107.062130845,1408556.8933914034,2361427.940210464,829353.7815794229,2086541.0938171519,2024012.837193513,1700113.9580296893,2422286.4679695237
2023-08-08,3387531.718035062,2227614.3600550545,1671857.3515371147,1177335.0353905933,2066262.1817184857,1411715.9550923395,2349301.209787593,821701.479034663,2090647.7038991426,2012394.2356641064,1693330.672529064,2401094.429426988
2023-08-09,3447811.7709719897,2251046.260742541,1666822.345825326,1176565.781280704,2073687.7880777472,1412120.18982668,2344081.1673428514,822692.5434159822,2085167.1768555823,2020709.4554009135,1700651.4494321092,2374157.8876342187
2023-08-10,3386084.774831663,2204019.5540011437,1669270.0748055417,1156254.0742876572,2065822.6436887742,1405393.381599351,2340126.6497702794,805954.1649241593,2076436.2432301159,2010398.822875635,1689712.2266403849,2378423.008963955
2023-08-11,3387430.4575752397,2207996.1638516453,1678536.3644310175,1152276.8818628823,2070111.9319606614,1397182.5941672395,2354325.997537769,791964.9300224137,2093491.6950308934,2026302.9633976698,1707598.1978987046,2362580.910415564
2023-08-14,3349654.1615670063,2179848.677147945,1657996.0245469126,1141782.5099493652,2053700.0108089282,1388463.7962464103,2336038.070115738,791936.1390021791,2068760.607000876,2011448.5347558432,1686850.6935494822,2390488.9682723545
2023-08-15,3301286.0522483173,2137160.3111035437,1639751.4967416332,1115107.9571744392,2034167.6346893732,1371140.6185447657,2319729.673077318,769263.4264060014,2048498.000004224,1989148.7190824074,1657093.6734043842,2364087.005957291
2023-08-16,3228837.2925738296,2090448.4893149338,1615442.5880523082,1111553.8423772282,2006920.9050145296,1363744.9903050845,2294336.8765902603,766326.8256117755,2017088.6888416945,1954164.4926714438,1626771.7869949092,2338747.6009556106
2023-08-17,3233205.740748121,2097824.233608146,1617997.5326368657,1106392.0451218723,2006813.628345967,1367416.34318126,2305336.146060866,758828.419855759,2017753.9522644246,1958023.3967062193,1630226.8870855398,2313490.025609765
2023-08-18,3290096.2360575143,2132605.9415915557,1629807.8980110756,1114168.7050047824,2012552.0455919425,1392343.3413416224,2319018.8853772646,762198.1226146076,2032432.2063641613,1987209.6230476059,1649615.6186689332,2310193.349812874
2023-08-21,3294312.436064431,2131527.0276055853,1629685.2472040143,1096787.7958922975,2010214.1736213365,1379012.782204267,2310460.5173766804,748130.4605431935,2015878.4718844723,1980753.2293621649,1645774.6762179676,2348214.9697299358
2023-08-22,3341408.1488161287,2159203.2992711137,1650836.648193947,1107770.7868356225,2022387.1187600438,1390307.1366936357,2336068.177311511,755343.0166036502,2036353.4914270525,2011898.4669936132,1669088.507162348,2343855.4295665435
2023-08-23,3248219.9665982416,2094803.0088303091,1624926.776097654,1075894.5572814331,1983254.9514823684,1369470.652266559,2269385.4089089464,736391.0683257619,1979077.7364403142,1973945.7176967384,1648455.164930006,2381444.565167495
2023-08-24,3289335.9655529475,2126953.3480035206,1634643.6692765777,1077458.663690271,2022732.4004921967,1375052.3119700728,2285807.508209412,733836.8161674084,1998454.19336041,2003880.3376564088,1687749.1713941912,2329310.323386808
2023-08-25,3315358.293845489,2144216.1468212316,1649845.486981295,1083138.830786749,2037326.3161428957,1383406.8633101862,2302104.327158672,737467.1313128632,2015332.2637789536,2016500.5260431452,1698778.2472821937,2349022.980008846
2023-08-28,3403760.6786900456,2204933.0252106534,1665139.8611147166,1106217.438754127,2066868.3421538058,1399365.9283495666,2316561.3041155688,755803.5506458094,2056525.7429310782,2056833.48353744,1727831.528589065,2366415.2362213368
2023-08-29,3451903.7467696527,2233666.50205382,1666496.106114542,1119932.1668110823,2072043.3301304583,1414467.3111474654,2338416.275636137,770801.5175566094,2067190.788805346,2068703.2481053534,1737419.466584018,2417365.788233755
2023-08-30,3468961.749403829,2243597.2769998326,1661301.6909999892,1120156.8338574262,2071591.9437330754,1417514.5464111867,2335873.268116507,768949.597783997,2050501.4453798132,2066708.852732364,1739035.6814729979,2430867.0673402795
2023-08-31,3523830.5436808425,2278711.656111111,1676239.0272027988,1133538.164151524,2090083.462902122,1434380.3573755273,2326835.305360685,776584.6815250629,2068638.8212348942,2071827.3748487274,1741602.5634505646,2436941.8062184704
2023-09-01,3529152.6666674926,2279072.686731378,1678730.9873598923,1102892.0945757304,2064812.3056127203,1415225.4534290705,2296631.166781622,746744.5271282719,2059374.1880553798,2077021.6533085727,1741164.8716123553,2435336.686046324
2023-09-05,3485469.12837943,2270427.422737081,1671698.2966454916,1098472.2416461275,2066452.5832269534,1414408.4238782888,2304263.909156645,745178.6271859024,2044640.3700584064,2076383.6962806405,1745244.3895280364,2438068.9982131044
2023-09-06,3474623.418733446,2262454.0427948833,1669748.0456263397,1090280.2900803578,2053516.327136614,1401336.3649801484,2283490.448080018,736805.5803123917,2031958.2978834817,2068745.5045367947,1736104.2060165787,2416562.5372781674
2023-09-07,3465328.0743941916,2252994.19686614,1663322.1547816359,1086510.6233150142,2060199.7636621455,1406348.9470769027,2293363.5355354203,735338.2371623045,2032223.912227782,2073249.664362761,1730324.8476319169,2398810.1077587563
2023-09-08,3462766.058076351,2251980.888325034,1663985.7178775657,1078868.7547281191,2064609.2302353703,1392736.4223360948,2299317.257007171,725993.2360468119,2035635.186576204,2081265.4911492548,1737560.9630170742,2402223.310213769
2023-09-11,3431187.130460457,2226208.0263406998,1654180.5567155362,1062352.2621626197,2045169.029676273,1387686.1621792545,2283229.545282058,709668.0900010894,2020386.6194010258,2046176.7915379822,1709714.382369671,2430779.096622093
2023-09-12,3424546.807820768,2214700.98404915,1648120.8242542476,1062626.8329252952,2041276.8118913127,1383705.7369295412,2264211.774575632,709655.7795525743,1994345.2113541837,2032921.3848134305,1700042.5407633102,2403718.351843263
2023-09-13,3434925.3503913675,2206695.3799742647,1653041.6319138831,1068461.0522485124,2061516.2472536808,1393373.6771400566,2304689.0315647824,711249.177998408,2022041.7743976817,2044498.491491117,1714655.4673152694,2412960.8042089613
2023-09-14,3418233.7783146477,2182060.3700777055,1626525.8236197536,1041885.5940015579,2031219.4098189257,1371538.1563995068,2259364.578844258,694574.797333456,1988629.6228057116,2011736.5893710298,1686935.4562185607,2432668.701507677
2023-09-15,3406004.7064916105,2179047.649240203,1629650.0433624939,1028162.5283436477,2038019.0849458892,1369375.5609994386,2275545.7538989205,685041.0132501464,1983174.6326165,2010399.6967883755,1688872.1550351924,2389987.5505313477
2023-09-18,3376416.43187881,2163249.2937402814,1635711.807310526,1023012.4285856184,2023838.2504167992,1361832.7459668985,2268828.415270106,679431.6565113481,1998029.6130833197,2009396.7320506864,1683912.192470867,2393598.64872064
2023-09-19,3352320.30466075,2140980.7873053486,1642966.9339650224,1015627.9739878268,2003533.1446764166,1342647.9109902433,2249013.409684227,669339.7262859305,1999163.3319603326,1992937.6266733338,1657833.0561055897,2388231.513751911
2023-09-20,3292356.467111375,2104421.9461270394,1607818.4273779748,989387.8186174786,1956872.3597660034,1318975.2003688526,2201401.571147552,649816.6759137111,1979081.7982886212,1957732.187956004,1628740.7769880665,2353439.017945873
2023-09-21,3279061.18897275,2108268.3536727843,1607488.014081223,984801.3053323328,1960768.509303649,1314265.5379231218,2214299.442946621,648413.4622807606,1962300.5259835552,1953924.8543282116,1624543.880425376,2310099.0845057773
2023-09-22,3306120.7818779065,2120760.9539584187,1608727.0007609793,984561.5192080691,1962278.4822727584,1318038.73697793,2222625.5631103874,645511.4652184844,1965202.249191349,1961667.947142058,1635997.1189846336,2311177.4550547157
2023-09-25,3243805.826090108,2081554.5039120545,1591880.3209965248,965777.8076886903,1933148.8873094749,1308084.3308920567,2187632.439511507,632506.8636204237,1934137.9118490021,1931946.6227505156,1608768.5936026855,2321836.496978367
2023-09-26,3232576.124838058,2088190.1195449287,1596207.26081369,981283.1306577391,1952190.3607850887,1331283.2280078984,2213177.89787873,647227.7364592829,1943519.8163077408,1935670.0829912787,1615870.2658509796,2286767.34631339
2023-09-27,3255086.642782685,2110941.7013806687,1608921.3443173482,978587.9605622485,1951044.2144393518,1335919.677584759,2264056.334233613,645924.1817301969,1973023.763123756,1946909.2174215566,1627770.939196483,2292164.4189610826
2023-09-28,3253975.4790035593,2103801.5904110665,1610505.3026157692,997535.9976416045,1946240.2137664729,1337696.1987081054,2243283.4487118395,661000.7892901433,1962353.8960821696,1943038.6600827188,1626891.3047988487,2311439.9854702465
2023-09-29,3244777.756918143,2099701.1411296083,1597566.4550460044,993799.1453802505,1937191.6548299335,1326811.3527637783,2232597.5340205147,659323.8705234515,1936643.9951158224,1939317.2872742333,1626550.204434818,2313400.5196259907
2023-10-02,3190703.3120750687,2055144.3458581385,1580703.8317198206,974755.5391570927,1902330.8479805184,1315594.6344546424,2205305.400151414,647769.6033387255,1911415.5879349662,1911766.377028919,1596234.1658041263,2332632.1775393407
2023-10-03,3222203.3690258474,2072006.5391167179,1606754.65859969,995505.9795274615,1933259.6106512244,1314547.718702048,2252352.24565451,663249.8941896885,1938393.509030615,1929812.538719093,1612854.7690788032,2289878.562027263
2023-10-04,3205382.27081026,2051922.6992722398,1625638.6632429701,996689.4869884762,1918496.049372299,1316423.6842945148,2241315.852722252,666133.3638151523,1917872.8812069192,1915749.1999172347,1598391.125946853,2322991.9378598183
2023-10-05,3266948.8330113664,2095187.8064333526,1654462.8580914396,1007119.7078407055,1946002.810140322,1349184.9526522697,2270577.1549006063,672037.7487274611,1942040.3714936236,1950772.8155608114,1636868.809436273,2314654.9851378617
2023-10-06,3277780.736190298,2103882.650670075,1669559.1752039352,1001387.3775212858,1953813.0933859977,1367216.9597706564,2288788.854310656,667003.508047141,1957096.1287951646,1970798.1907236662,1649750.22956929,2353961.008245758
2023-10-09,3317861.3953705584,2121575.3827523743,1683034.3359412148,1012675.8456259952,1975652.9290836903,1372697.2303090568,2292173.0805532127,671609.5068303447,1983228.2386418642,1973019.396376366,1658184.8867811533,2365580.512321197
2023-10-10,3322271.1522751865,2124240.659391676,1691369.7938538857,1015686.6330523329,1977679.4041007715,1383942.9732771749,2304195.965933804,671129.9359552901,1985878.5057076754,1975325.2886252417,1662089.0946291985,2378844.285841274
2023-10-11,3306795.449569415,2104872.2512167534,1677175.1895841537,988507.9378771872,1954477.641624966,1383785.0927577987,2300018.4235953605,646152.2835650451,1962329.6328131075,1968970.6280854992,1653728.2532883568,2396074.7250608006
2023-10-12,3279342.6065893383,2075433.9744293909,1674704.6306491722,975920.3337100358,1934171.0314022151,1390296.9352931166,2288671.5569669963,639077.0787344547,1966092.2228178137,1957593.557973098,1637592.6793770404,2387110.462819629
2023-10-13,3299658.7076807604,2106676.3624762218,1703482.2154886844,989921.8400177303,1957439.3187839647,1403518.258037946,2321337.1866472987,648570.5371150648,1995939.8042739632,1983021.430688763,1656090.5236083965,2357400.7707954408
2023-10-16,3309726.9008409223,2108200.7477962105,1689488.2248385393,994839.7696703101,1959869.9257323665,1407536.6236260543,2312325.969906004,648749.8544278779,1999082.6381650488,1983967.0695885997,1657222.2156677642,2385323.106622199
2023-10-17,3236915.7896951106,2063778.3994265955,1661522.3164641594,957885.7802663877,1932710.8633867786,1392621.964223706,2282434.5972308754,622482.2636993428,1958724.8155534924,1952821.6885487118,1626968.7765827323,2377349.24421178
2023-10-18,3181923.175882048,2058920.1066875975,1619916.2890794203,928653.4473242298,1911278.592815583,1372090.7814649062,2262120.7371398327,605567.2894698479,1932896.0967839793,1965477.7619894978,1631965.8786503614,2343902.5622200924
2023-10-19,3121693.0960074635,2035768.5497558343,1612768.0067258177,907156.6864077466,1881183.9508680021,1352055.7162853323,2229523.1042497572,601549.1741357577,1870242.7466987593,1947239.6522995015,1606680.706625105,2324073.5324664917
2023-10-20,3125181.5987575715,2034111.43843352,1600227.1857821627,902263.3794655228,1873094.041119586,1350239.217592936,2232352.7500500455,600409.2139518398,1845283.0938394032,1933317.4672034897,1598219.3687901164,2289133.3441108977
2023-10-23,3183612.267773335,2063879.6005272702,1613706.1851895768,895755.5346145432,1884244.6702124795,1344242.4171555687,2265886.7128046574,591256.8497286357,1848992.7333412154,1950038.2358889342,1620240.9687827344,2296045.877420404
2023-10-24,3128711.237158298,2015267.727515366,1565007.3383919748,874766.5027062047,1814739.4216012852,1333725.2100046268,2201256.5375102405,578848.134626397,1833369.8000374795,1922066.8201898795,1585595.9916056003,2318214.344876842
2023-10-25,3086003.2242392316,2004845.106752263,1544338.1676125026,866152.7185796502,1808201.0957819642,1309156.555430696,2164335.451757241,567870.7097327547,1850618.1482079918,1921954.5733119666,1567364.4296526564,2260954.7724575195
2023-10-26,3083592.8464392126,2006368.8538812338,1531059.961390712,851646.3127447315,1806643.35372705,1297730.2612825925,2150824.556282224,558664.8967378495,1800632.8616694,1911518.4622433777,1560223.623262964,2218182.4267052696
2023-10-27,3122447.928445912,1955273.7071535005,1533935.5759183671,849310.554371093,1804232.5431567596,1295035.782702726,2165890.668796069,550442.0542371675,1791667.1959001601,1928194.551092981,1567109.7648166497,2229320.778545462
2023-10-30,3149317.558721881,1960593.536596825,1559878.555182964,858861.3118394687,1822565.4308768485,1310253.3239554765,2172360.9625234697,555833.6254734263,1806589.288720268,1941031.5685543544,1579468.702169116,2253702.6383999707
2023-10-31,3239875.9618272474,2002754.2277091283,1574018.7010573721,855830.085069175,1825084.6687706998,1308171.7240967054,2188126.351482132,549841.8090501783,1822286.5828275464,1965713.4816229753,1593640.7950980933,2265378.7937756036
2023-11-01,3286409.626906534,2037288.9020439268,1598209.443894541,880886.8821987177,1856807.8412856802,1343382.2586246843,2241502.8432102026,573885.857271746,1856741.6461163645,1995492.9626517405,1617030.7959113028,2305488.0678390875
2023-11-02,3364364.4906280213,2093852.5823347827,1640873.7851859517,905109.5569067557,1897350.6513921253,1346935.0438779283,2294068.1002959376,591160.7182007807,1886191.275033619,2020534.1108882339,1648066.050592285,2345520.2715700595
2023-11-03,3355405.7772119385,2079883.5232522155,1636108.330344106,888973.4444563687,1893718.9478377595,1333576.565201463,2281314.307046584,577895.967313542,1868879.908343939,2015105.215670737,1639153.3273388653,2373808.9217660897
2023-11-06,3377244.994456454,2091547.0240722324,1642366.7665966023,896746.8096078542,1913540.70080555,1338819.733812451,2297581.6894963426,585245.7543828702,1881298.9886172754,2033797.8288300827,1651876.3168239729,2382524.6245085807
2023-11-07,3365071.81654239,2072016.0138877816,1620194.188846045,882735.6419735777,1914169.5293962643,1323387.801378547,2304887.6093417057,571319.063062633,1874353.749603527,2032726.8996658425,1651725.2439160096,2404705.5276162806
2023-11-08,3338048.9594099736,2042274.750419839,1611274.1888744857,868299.8525357211,1914323.665174643,1312913.8698674794,2298982.239717322,557670.0078035312,1865154.9307535675,2019496.4627705372,1639171.056577892,2407412.814953978
2023-11-09,3407823.721030161,2086668.9898708616,1639540.8251552845,855543.3563818379,1945973.673909513,1319281.9453250512,2355434.639333781,536150.7567146625,1895970.640557546,2062805.4562202815,1680813.700448144,2387707.988186438
2023-11-10,3403034.091342105,2078789.3388731217,1627747.3285048383,836338.9293029892,1928254.9054981736,1309684.994568616,2341782.1206456586,516516.60977805714,1904363.1700591412,2064140.399582861,1673878.363913148,2441351.549566587
2023-11-13,3508810.043363777,2140399.8317961846,1674466.7498221498,873782.0186529385,1984824.5334102586,1331761.5233737223,2409894.363327064,537441.9152862026,1971053.8672071907,2098839.0281074704,1726798.8054098263,2434067.942564486
2023-11-14,3511210.7208053884,2165154.2578338142,1677527.1542474446,882700.0387255409,1991860.3786077038,1329733.25159094,2424736.555818708,547570.0483358442,1993360.3083184627,2107140.2186571304,1736297.4371617027,2485897.2805994167
2023-11-15,3547083.472392049,2170696.8310731826,1673820.6556969746,862393.4393886109,1989819.5660408265,1298353.6451977738,2406273.4041534862,530016.150181948,1977523.9065864815,2100405.433278596,1728123.9280107906,2486637.7391924597
2023-11-16,3528170.55954834,2162961.632027726,1678047.374361676,860826.9935053407,2003833.853614376,1320278.95460143,2421806.088584563,527803.7057066247,1990116.3312008409,2108678.9480047696,1744082.524982676,2489151.583066082
2023-11-17,3583509.4480015268,2195223.5937303323,1691329.3535984196,881079.8482321341,2023505.703733155,1339786.1564995698,2448331.255581571,541072.3656666673,2024401.4953802053,2133642.327909089,1762903.9199640702,2489909.390160268
2023-11-20,3588744.643940816,2188048.593899168,1691509.5500117661,869013.7487974302,2008740.9639016003,1334520.8494638496,2421427.793016307,533468.0239779238,2013918.7971527854,2128889.134185354,1750735.832726847,2519633.2066278644
2023-11-21,3618090.5584690757,2204711.246621589,1700543.4099122903,878262.1260689313,2019800.0723801167,1334416.6659100002,2421963.202571687,539723.135773538,2028472.3349577743,2118255.387934616,1718239.6571380019,2504943.4784297487
2023-11-22,3626836.784249444,2215764.1908445596,1709243.2165059105,881328.1829238883,2023237.024141504,1337704.355626643,2433234.5032055755,541619.5318584644,2031899.1115635158,2122491.5259318356,1725398.4223243603,2515597.6075035185
2023-11-24,3677686.601188773,2233837.8823620044,1703558.8187202602,867690.5660965983,2017011.0699135652,1329724.296725616,2410832.025701432,528102.5657018538,2018967.065571541,2114802.1194826663,1719330.2644537096,2512550.872944337
2023-11-27,3673523.992145705,2229078.1421831497,1693339.4111963417,870172.1914357932,2010702.430782215,1337936.9972278946,2396090.1845323024,534128.7239013964,2018645.5599427386,2124135.335946818,1732496.5161497782,2509402.0432235603
2023-11-28,3700843.559617718,2258785.9557824177,1708344.2419320622,890259.1721404189,2046693.2945504466,1352881.9153491566,2395490.9476167234,550776.7529037251,2018321.1154182374,2135332.7635536212,1761472.7960651026,2517018.802858235
2023-11-29,3714805.223275076,2262491.7461701618,1706699.7125451167,890043.859206289,2060516.9085525908,1362428.5115450458,2393742.409975123,551380.8015488401,2020902.622863491,2142531.3593486557,1774234.3342367224,2513429.658966849
2023-11-30,3764326.464393653,2293920.1211886182,1727399.0966771464,923187.3209064566,2091370.3069584088,1381339.624717245,2422146.4979344,580893.3771555196,2045463.9881737556,2147788.5463831765,1794821.8252795166,2507183.737975608
2023-12-01,3701087.3413984613,2257402.1371376365,1720128.37024529,933524.6740369658,2082955.4258525297,1380340.9916038925,2398781.5662031304,595768.797277545,2034258.5904890683,2124698.159681307,1773052.3433532729,2514998.7003976796
2023-12-04,3697855.7362481025,2242292.8508365355,1706170.7771549528,922548.6841916592,2058074.4215933296,1370605.6222071003,2386035.3650783,586449.9873926045,2027143.223576183,2113984.770192206,1764334.351318672,2490173.455841386
2023-12-05,3670309.6610350474,2238628.0924694887,1708427.2022544271,923306.7868063084,2060745.7920009424,1358117.006515027,2377443.5767661505,593311.9813664311,2011500.7206547277,2101141.2202258334,1751716.823752855,2496153.7758859214
2023-12-06,3720491.9260501,2275077.7710463316,1719857.3359781269,939494.8704923657,2091515.0324024584,1374668.3109329983,2406352.776527339,606395.2345194161,2019619.7607154157,2113090.7920407415,1779850.5993617123,2482058.1954703215
2023-12-07,3708282.130923098,2275889.1195478104,1728555.3205745912,924342.7383617874,2093375.8785343026,1373783.748926384,2408086.825792205,595491.9732289639,2002715.836453523,2113946.7687840094,1783722.8789887952,2518914.8558592875
2023-12-08,3750317.037619157,2334419.639113916,1762322.8979085777,948754.8943869978,2139929.0594728524,1390047.0596009823,2507874.524856613,613390.1546135098,2043505.6093265666,2143405.6982170003,1804926.504062264,2528693.4229682796
2023-12-11,3766052.5324980947,2342755.5355423256,1778990.2321593908,948946.4120669614,2154046.635317135,1390779.2586523248,2549147.3884525103,614616.4038616241,2047001.5844747792,2153148.814592336,1812956.064865395,2550237.6514366786
2023-12-12,3812800.47545487,2377887.3524923585,1804127.794136579,990003.9472439808,2177874.0637613903,1432324.0745102137,2583922.148960419,649528.4126204394,2101685.6801903807,2190951.3601824283,1853176.6893229526,2571071.20546444
2023-12-13,3813468.2621072438,2393192.325220946,1813841.6995701026,1023640.2122518611,2193455.8939297055,1443613.6742087,2602712.2753825593,668550.5097032018,2140686.368003439,2175240.70967352,1879824.8022793385,2603789.864514347
2023-12-14,3811416.6482072882,2385786.2350657973,1794177.4124774553,1012964.0735360059,2194857.326619318,1437857.6058510188,2599085.714058888,653116.9844452041,2144694.3890880304,2177907.3271381357,1885983.4180968627,2599932.0491450797
2023-12-15,3828744.4415470804,2397556.4906663136,1803416.6837727933,1021721.9588217237,2189563.7970492863,1448312.5988069088,2598841.298846723,658474.7179396504,2149228.3277286766,2198475.0112152467,1887161.350419219,2613392.3366604075
2023-12-18,3860250.4491892084,2418858.887440966,1809917.332409136,1066143.2627540862,2200624.320874084,1476111.9123416732,2619447.0961166983,694466.2986934267,2204910.5630060444,2214947.7402615715,1898956.9855847356,2630111.9930188404
2023-12-19,3788940.9793519056,2371871.929147817,1783860.5950296011,1041191.1546658748,2158045.2999165324,1456466.9448502155,2577263.389037451,681059.196820763,2147619.2621946456,2181452.546011563,1869810.486134762,2643010.987435233
2023-12-20,3826148.999279611,2403917.7739122985,1804541.09531522,1068967.8801603676,2188913.596268781,1466005.7052018056,2607850.6450656047,693815.5740972938,2190687.8125637565,2204261.6770046866,1898780.04304852,2602499.320261161
2023-12-21,3818310.1362745953,2395235.7245183163,1813227.154772508,1081774.553791579,2195657.4441727106,1465855.013899745,2616760.936979876,692292.13597249,2188516.885128778,2198630.899216414,1899386.4543407324,2634452.4958889424
2023-12-22,3824174.8904143814,2406258.9000352058,1820315.1221318354,1090877.7192582933,2208666.8971919618,1478659.483779558,2635306.0877425508,695754.4267643623,2206440.512672682,2210664.2853910252,1916760.1413534612,2637595.184547368
2023-12-26,3842614.5864529195,2413660.751902511,1822402.5515951312,1095442.5787231782,2211342.049605023,1477729.9084665324,2633748.5049592904,701930.4702999559,2202176.2200956717,2211322.081077837,1916811.5408726097,2653483.034010278
2023-12-27,3838090.7008779435,2404611.602753112,1824919.8032140827,1093209.1891630588,2218564.808171021,1467875.2746595824,2637638.281936719,701055.730275306,2198614.015317106,2203489.1948620253,1913901.8606162695,2657938.3747463548
2023-12-28,3838090.7008779435,2404611.602753112,1824919.8032140827,1093209.1891630588,2218564.808171021,1467875.2746595824,2637638.281936719,701055.730275306,2198614.015317106,2203489.1948620253,1913901.8606162695,2656628.7931998787
